Label,"Allen County, Ohio!!Estimate","Allen County, Ohio!!Percent","Ashtabula County, Ohio!!Estimate","Ashtabula County, Ohio!!Percent","Athens County, Ohio!!Estimate","Athens County, Ohio!!Percent","Belmont County, Ohio!!Estimate","Belmont County, Ohio!!Percent","Butler County, Ohio!!Estimate","Butler County, Ohio!!Percent","Clark County, Ohio!!Estimate","Clark County, Ohio!!Percent","Clermont County, Ohio!!Estimate","Clermont County, Ohio!!Percent","Columbiana County, Ohio!!Estimate","Columbiana County, Ohio!!Percent","Cuyahoga County, Ohio!!Estimate","Cuyahoga County, Ohio!!Percent","Delaware County, Ohio!!Estimate","Delaware County, Ohio!!Percent","Erie County, Ohio!!Estimate","Erie County, Ohio!!Percent","Fairfield County, Ohio!!Estimate","Fairfield County, Ohio!!Percent","Franklin County, Ohio!!Estimate","Franklin County, Ohio!!Percent","Geauga County, Ohio!!Estimate","Geauga County, Ohio!!Percent","Greene County, Ohio!!Estimate","Greene County, Ohio!!Percent","Hamilton County, Ohio!!Estimate","Hamilton County, Ohio!!Percent","Hancock County, Ohio!!Estimate","Hancock County, Ohio!!Percent","Jefferson County, Ohio!!Estimate","Jefferson County, Ohio!!Percent","Lake County, Ohio!!Estimate","Lake County, Ohio!!Percent","Licking County, Ohio!!Estimate","Licking County, Ohio!!Percent","Lorain County, Ohio!!Estimate","Lorain County, Ohio!!Percent","Lucas County, Ohio!!Estimate","Lucas County, Ohio!!Percent","Mahoning County, Ohio!!Estimate","Mahoning County, Ohio!!Percent","Marion County, Ohio!!Estimate","Marion County, Ohio!!Percent","Medina County, Ohio!!Estimate","Medina County, Ohio!!Percent","Miami County, Ohio!!Estimate","Miami County, Ohio!!Percent","Montgomery County, Ohio!!Estimate","Montgomery County, Ohio!!Percent","Muskingum County, Ohio!!Estimate","Muskingum County, Ohio!!Percent","Portage County, Ohio!!Estimate","Portage County, Ohio!!Percent","Richland County, Ohio!!Estimate","Richland County, Ohio!!Percent","Ross County, Ohio!!Estimate","Ross County, Ohio!!Percent","Scioto County, Ohio!!Estimate","Scioto County, Ohio!!Percent","Stark County, Ohio!!Estimate","Stark County, Ohio!!Percent","Summit County, Ohio!!Estimate","Summit County, Ohio!!Percent","Trumbull County, Ohio!!Estimate","Trumbull County, Ohio!!Percent","Tuscarawas County, Ohio!!Estimate","Tuscarawas County, Ohio!!Percent","Warren County, Ohio!!Estimate","Warren County, Ohio!!Percent","Wayne County, Ohio!!Estimate","Wayne County, Ohio!!Percent","Wood County, Ohio!!Estimate","Wood County, Ohio!!Percent"
EMPLOYMENT STATUS,,,,,,,,,,,,,,,,,,,,,,,,,,,,,,,,,,,,,,,,,,,,,,,,,,,,,,,,,,,,,,,,,,,,,,,,,,,,,,
Population 16 years and over,"81,560","81,560","78,280","78,280","56,662","56,662","56,334","56,334","304,203","304,203","108,730","108,730","164,749","164,749","83,317","83,317","1,011,138","1,011,138","161,203","161,203","61,316","61,316","124,731","124,731","1,040,520","1,040,520","74,880","74,880","138,295","138,295","650,700","650,700","61,090","61,090","54,144","54,144","190,570","190,570","140,549","140,549","250,606","250,606","341,129","341,129","188,298","188,298","52,942","52,942","144,854","144,854","85,594","85,594","428,140","428,140","69,523","69,523","136,837","136,837","97,923","97,923","61,751","61,751","60,956","60,956","299,661","299,661","442,279","442,279","163,362","163,362","73,297","73,297","184,555","184,555","90,436","90,436","107,921","107,921"
        In labor force,"49,316",60.50%,"45,209",57.80%,"31,462",55.50%,"30,931",54.90%,"193,397",63.60%,"64,874",59.70%,"108,592",65.90%,"48,375",58.10%,"644,081",63.70%,"111,913",69.40%,"38,013",62.00%,"83,684",67.10%,"741,300",71.20%,"48,164",64.30%,"87,465",63.20%,"437,715",67.30%,"40,024",65.50%,"28,790",53.20%,"123,148",64.60%,"91,222",64.90%,"150,136",59.90%,"213,175",62.50%,"113,806",60.40%,"29,824",56.30%,"95,126",65.70%,"53,569",62.60%,"267,189",62.40%,"39,884",57.40%,"87,399",63.90%,"57,013",58.20%,"34,240",55.40%,"29,928",49.10%,"183,711",61.30%,"286,777",64.80%,"88,074",53.90%,"45,151",61.60%,"124,122",67.30%,"57,938",64.10%,"74,308",68.90%
            Civilian labor force,"49,294",60.40%,"45,209",57.80%,"31,442",55.50%,"30,931",54.90%,"193,075",63.50%,"64,705",59.50%,"108,509",65.90%,"48,375",58.10%,"643,501",63.60%,"111,714",69.30%,"38,013",62.00%,"83,444",66.90%,"740,793",71.20%,"48,010",64.10%,"85,246",61.60%,"437,534",67.20%,"39,781",65.10%,"28,735",53.10%,"123,059",64.60%,"91,149",64.90%,"150,136",59.90%,"212,898",62.40%,"113,438",60.20%,"29,824",56.30%,"95,076",65.60%,"53,027",62.00%,"265,260",62.00%,"39,717",57.10%,"87,399",63.90%,"56,674",57.90%,"34,240",55.40%,"29,928",49.10%,"183,575",61.30%,"285,752",64.60%,"87,955",53.80%,"45,151",61.60%,"123,993",67.20%,"57,894",64.00%,"74,308",68.90%
                Employed,"47,165",57.80%,"43,253",55.30%,"28,943",51.10%,"29,703",52.70%,"184,893",60.80%,"60,900",56.00%,"105,011",63.70%,"45,657",54.80%,"599,438",59.30%,"107,971",67.00%,"36,433",59.40%,"81,377",65.20%,"710,813",68.30%,"47,058",62.80%,"80,903",58.50%,"416,586",64.00%,"38,579",63.20%,"27,383",50.60%,"117,813",61.80%,"88,848",63.20%,"144,045",57.50%,"197,998",58.00%,"105,990",56.30%,"28,281",53.40%,"92,579",63.90%,"50,272",58.70%,"250,384",58.50%,"37,643",54.10%,"83,619",61.10%,"54,751",55.90%,"32,005",51.80%,"27,759",45.50%,"176,840",59.00%,"270,057",61.10%,"84,658",51.80%,"42,651",58.20%,"120,711",65.40%,"56,554",62.50%,"71,571",66.30%
                Unemployed,"2,129",2.60%,"1,956",2.50%,"2,499",4.40%,"1,228",2.20%,"8,182",2.70%,"3,805",3.50%,"3,498",2.10%,"2,718",3.30%,"44,063",4.40%,"3,743",2.30%,"1,580",2.60%,"2,067",1.70%,"29,980",2.90%,952,1.30%,"4,343",3.10%,"20,948",3.20%,"1,202",2.00%,"1,352",2.50%,"5,246",2.80%,"2,301",1.60%,"6,091",2.40%,"14,900",4.40%,"7,448",4.00%,"1,543",2.90%,"2,497",1.70%,"2,755",3.20%,"14,876",3.50%,"2,074",3.00%,"3,780",2.80%,"1,923",2.00%,"2,235",3.60%,"2,169",3.60%,"6,735",2.20%,"15,695",3.50%,"3,297",2.00%,"2,500",3.40%,"3,282",1.80%,"1,340",1.50%,"2,737",2.50%
            Armed Forces,22,0.00%,0,0.00%,20,0.00%,0,0.00%,322,0.10%,169,0.20%,83,0.10%,0,0.00%,580,0.10%,199,0.10%,0,0.00%,240,0.20%,507,0.00%,154,0.20%,"2,219",1.60%,181,0.00%,243,0.40%,55,0.10%,89,0.00%,73,0.10%,0,0.00%,277,0.10%,368,0.20%,0,0.00%,50,0.00%,542,0.60%,"1,929",0.50%,167,0.20%,0,0.00%,339,0.30%,0,0.00%,0,0.00%,136,0.00%,"1,025",0.20%,119,0.10%,0,0.00%,129,0.10%,44,0.00%,0,0.00%
        Not in labor force,"32,244",39.50%,"33,071",42.20%,"25,200",44.50%,"25,403",45.10%,"110,806",36.40%,"43,856",40.30%,"56,157",34.10%,"34,942",41.90%,"367,057",36.30%,"49,290",30.60%,"23,303",38.00%,"41,047",32.90%,"299,220",28.80%,"26,716",35.70%,"50,830",36.80%,"212,985",32.70%,"21,066",34.50%,"25,354",46.80%,"67,422",35.40%,"49,327",35.10%,"100,470",40.10%,"127,954",37.50%,"74,492",39.60%,"23,118",43.70%,"49,728",34.30%,"32,025",37.40%,"160,951",37.60%,"29,639",42.60%,"49,438",36.10%,"40,910",41.80%,"27,511",44.60%,"31,028",50.90%,"115,950",38.70%,"155,502",35.20%,"75,288",46.10%,"28,146",38.40%,"60,433",32.70%,"32,498",35.90%,"33,613",31.10%
    Civilian labor force,"49,294","49,294","45,209","45,209","31,442","31,442","30,931","30,931","193,075","193,075","64,705","64,705","108,509","108,509","48,375","48,375","643,501","643,501","111,714","111,714","38,013","38,013","83,444","83,444","740,793","740,793","48,010","48,010","85,246","85,246","437,534","437,534","39,781","39,781","28,735","28,735","123,059","123,059","91,149","91,149","150,136","150,136","212,898","212,898","113,438","113,438","29,824","29,824","95,076","95,076","53,027","53,027","265,260","265,260","39,717","39,717","87,399","87,399","56,674","56,674","34,240","34,240","29,928","29,928","183,575","183,575","285,752","285,752","87,955","87,955","45,151","45,151","123,993","123,993","57,894","57,894","74,308","74,308"
        Unemployment Rate,(X),4.30%,(X),4.30%,(X),7.90%,(X),4.00%,(X),4.20%,(X),5.90%,(X),3.20%,(X),5.60%,(X),6.80%,(X),3.40%,(X),4.20%,(X),2.50%,(X),4.00%,(X),2.00%,(X),5.10%,(X),4.80%,(X),3.00%,(X),4.70%,(X),4.30%,(X),2.50%,(X),4.10%,(X),7.00%,(X),6.60%,(X),5.20%,(X),2.60%,(X),5.20%,(X),5.60%,(X),5.20%,(X),4.30%,(X),3.40%,(X),6.50%,(X),7.20%,(X),3.70%,(X),5.50%,(X),3.70%,(X),5.50%,(X),2.60%,(X),2.30%,(X),3.70%
Females 16 years and over,"40,761","40,761","38,819","38,819","28,863","28,863","27,663","27,663","156,618","156,618","57,026","57,026","84,996","84,996","41,303","41,303","536,392","536,392","81,755","81,755","31,875","31,875","63,670","63,670","537,700","537,700","37,790","37,790","71,062","71,062","339,929","339,929","30,895","30,895","28,189","28,189","98,510","98,510","73,209","73,209","128,323","128,323","178,186","178,186","97,208","97,208","24,957","24,957","73,830","73,830","43,498","43,498","225,153","225,153","35,666","35,666","70,428","70,428","48,038","48,038","29,341","29,341","31,319","31,319","154,823","154,823","230,038","230,038","84,695","84,695","37,256","37,256","91,395","91,395","45,507","45,507","55,306","55,306"
        In labor force,"23,022",56.50%,"22,269",57.40%,"15,156",52.50%,"14,411",52.10%,"94,020",60.00%,"32,666",57.30%,"51,947",61.10%,"21,954",53.20%,"322,419",60.10%,"52,071",63.70%,"18,931",59.40%,"40,613",63.80%,"357,365",66.50%,"21,418",56.70%,"41,351",58.20%,"216,979",63.80%,"18,640",60.30%,"13,065",46.30%,"60,024",60.90%,"44,396",60.60%,"71,640",55.80%,"103,628",58.20%,"55,037",56.60%,"14,040",56.30%,"43,848",59.40%,"23,771",54.60%,"130,309",57.90%,"19,286",54.10%,"42,580",60.50%,"26,725",55.60%,"16,228",55.30%,"14,725",47.00%,"88,252",57.00%,"138,662",60.30%,"41,936",49.50%,"20,040",53.80%,"59,516",65.10%,"25,176",55.30%,"35,604",64.40%
            Civilian labor force,"23,022",56.50%,"22,269",57.40%,"15,156",52.50%,"14,411",52.10%,"94,020",60.00%,"32,666",57.30%,"51,947",61.10%,"21,954",53.20%,"322,372",60.10%,"52,071",63.70%,"18,931",59.40%,"40,516",63.60%,"357,126",66.40%,"21,418",56.70%,"40,325",56.70%,"216,979",63.80%,"18,640",60.30%,"13,065",46.30%,"60,024",60.90%,"44,396",60.60%,"71,640",55.80%,"103,408",58.00%,"55,037",56.60%,"14,040",56.30%,"43,848",59.40%,"23,583",54.20%,"129,801",57.70%,"19,286",54.10%,"42,580",60.50%,"26,725",55.60%,"16,228",55.30%,"14,725",47.00%,"88,252",57.00%,"138,217",60.10%,"41,936",49.50%,"20,040",53.80%,"59,516",65.10%,"25,176",55.30%,"35,604",64.40%
                Employed,"22,301",54.70%,"21,452",55.30%,"14,165",49.10%,"14,134",51.10%,"90,195",57.60%,"30,811",54.00%,"49,829",58.60%,"20,776",50.30%,"300,416",56.00%,"50,863",62.20%,"18,299",57.40%,"39,567",62.10%,"342,368",63.70%,"20,897",55.30%,"38,596",54.30%,"206,944",60.90%,"18,162",58.80%,"12,250",43.50%,"58,346",59.20%,"43,113",58.90%,"68,977",53.80%,"96,104",53.90%,"51,992",53.50%,"13,537",54.20%,"42,957",58.20%,"22,302",51.30%,"123,219",54.70%,"18,293",51.30%,"40,685",57.80%,"25,817",53.70%,"15,475",52.70%,"13,447",42.90%,"85,457",55.20%,"130,423",56.70%,"40,876",48.30%,"18,422",49.40%,"58,478",64.00%,"24,782",54.50%,"34,450",62.30%
Own children of the householder under 6 years,"6,117","6,117","6,013","6,013","2,869","2,869","3,444","3,444","25,365","25,365","8,573","8,573","13,358","13,358","6,770","6,770","77,261","77,261","14,944","14,944","4,556","4,556","11,520","11,520","105,186","105,186","5,717","5,717","12,322","12,322","61,710","61,710","4,487","4,487","4,000","4,000","12,807","12,807","10,985","10,985","19,933","19,933","31,761","31,761","14,073","14,073","4,296","4,296","11,343","11,343","7,307","7,307","37,788","37,788","4,679","4,679","7,608","7,608","7,668","7,668","5,295","5,295","5,578","5,578","22,682","22,682","33,773","33,773","12,057","12,057","6,889","6,889","14,821","14,821","8,280","8,280","8,222","8,222"
        All parents in family in labor force,"3,950",64.60%,"2,652",44.10%,"1,429",49.80%,"1,998",58.00%,"19,050",75.10%,"6,411",74.80%,"9,544",71.40%,"4,668",69.00%,"54,110",70.00%,"9,926",66.40%,"3,674",80.60%,"8,988",78.00%,"76,988",73.20%,"3,358",58.70%,"8,032",65.20%,"44,663",72.40%,"3,627",80.80%,"1,663",41.60%,"9,420",73.60%,"8,057",73.30%,"13,573",68.10%,"21,575",67.90%,"11,169",79.40%,"2,912",67.80%,"6,755",59.60%,"3,365",46.10%,"23,946",63.40%,"3,403",72.70%,"5,318",69.90%,"5,914",77.10%,"3,587",67.70%,"3,328",59.70%,"15,788",69.60%,"23,026",68.20%,"7,345",60.90%,"3,408",49.50%,"10,362",69.90%,"4,796",57.90%,"5,849",71.10%
Own children of the householder 6 to 17 years,"14,873","14,873","12,864","12,864","5,912","5,912","8,819","8,819","57,615","57,615","19,406","19,406","30,298","30,298","12,479","12,479","162,885","162,885","37,747","37,747","9,627","9,627","23,668","23,668","183,905","183,905","15,576","15,576","20,900","20,900","114,427","114,427","10,759","10,759","7,578","7,578","30,857","30,857","26,099","26,099","44,727","44,727","59,420","59,420","28,166","28,166","8,701","8,701","26,015","26,015","16,718","16,718","70,786","70,786","11,410","11,410","19,388","19,388","15,477","15,477","10,220","10,220","10,042","10,042","50,504","50,504","72,522","72,522","26,322","26,322","13,256","13,256","39,908","39,908","18,678","18,678","17,023","17,023"
        All parents in family in labor force,"11,403",76.70%,"7,817",60.80%,"3,992",67.50%,"7,021",79.60%,"43,900",76.20%,"14,845",76.50%,"21,711",71.70%,"9,627",77.10%,"125,401",77.00%,"29,479",78.10%,"7,844",81.50%,"19,017",80.30%,"138,432",75.30%,"8,636",55.40%,"14,778",70.70%,"90,695",79.30%,"8,503",79.00%,"3,886",51.30%,"23,609",76.50%,"18,057",69.20%,"34,403",76.90%,"43,830",73.80%,"22,032",78.20%,"7,384",84.90%,"19,075",73.30%,"11,212",67.10%,"53,337",75.30%,"7,955",69.70%,"14,373",74.10%,"11,970",77.30%,"7,481",73.20%,"5,784",57.60%,"36,253",71.80%,"55,955",77.20%,"16,787",63.80%,"7,638",57.60%,"32,273",80.90%,"11,109",59.50%,"12,758",74.90%
COMMUTING TO WORK,,,,,,,,,,,,,,,,,,,,,,,,,,,,,,,,,,,,,,,,,,,,,,,,,,,,,,,,,,,,,,,,,,,,,,,,,,,,,,
Workers 16 years and over,"46,302","46,302","41,889","41,889","28,500","28,500","29,425","29,425","181,667","181,667","59,251","59,251","103,713","103,713","45,143","45,143","588,438","588,438","106,294","106,294","36,275","36,275","79,409","79,409","698,787","698,787","46,550","46,550","80,006","80,006","410,887","410,887","37,607","37,607","27,021","27,021","116,395","116,395","86,022","86,022","142,453","142,453","193,596","193,596","103,412","103,412","27,054","27,054","91,651","91,651","50,159","50,159","244,749","244,749","37,152","37,152","80,467","80,467","53,587","53,587","31,045","31,045","27,569","27,569","173,830","173,830","265,285","265,285","83,245","83,245","42,299","42,299","118,122","118,122","55,273","55,273","67,895","67,895"
"        Car, truck, or van -- drove alone","40,311",87.10%,"34,120",81.50%,"19,468",68.30%,"26,983",91.70%,"150,660",82.90%,"49,767",84.00%,"84,974",81.90%,"38,501",85.30%,"461,515",78.40%,"87,758",82.60%,"30,195",83.20%,"66,668",84.00%,"560,494",80.20%,"35,717",76.70%,"66,295",82.90%,"324,756",79.00%,"32,231",85.70%,"21,944",81.20%,"100,353",86.20%,"73,387",85.30%,"117,328",82.40%,"162,059",83.70%,"86,204",83.40%,"21,476",79.40%,"80,435",87.80%,"43,354",86.40%,"196,733",80.40%,"32,695",88.00%,"67,534",83.90%,"45,745",85.40%,"26,418",85.10%,"23,779",86.30%,"148,389",85.40%,"225,616",85.00%,"70,590",84.80%,"35,750",84.50%,"100,487",85.10%,"41,845",75.70%,"57,139",84.20%
"        Car, truck, or van -- carpooled","3,943",8.50%,"4,864",11.60%,"1,911",6.70%,"1,778",6.00%,"14,504",8.00%,"5,431",9.20%,"11,229",10.80%,"3,096",6.90%,"48,310",8.20%,"7,782",7.30%,"4,188",11.50%,"6,311",7.90%,"55,730",8.00%,"4,730",10.20%,"5,079",6.30%,"35,710",8.70%,"3,474",9.20%,"2,243",8.30%,"7,287",6.30%,"4,736",5.50%,"11,991",8.40%,"16,075",8.30%,"8,420",8.10%,"3,731",13.80%,"4,303",4.70%,"4,425",8.80%,"22,139",9.00%,"2,264",6.10%,"4,990",6.20%,"3,696",6.90%,"3,120",10.00%,"1,794",6.50%,"9,969",5.70%,"18,020",6.80%,"6,355",7.60%,"3,153",7.50%,"6,974",5.90%,"5,599",10.10%,"4,218",6.20%
        Public transportation (excluding taxicab),80,0.20%,0,0.00%,486,1.70%,64,0.20%,926,0.50%,299,0.50%,62,0.10%,161,0.40%,"25,715",4.40%,517,0.50%,171,0.50%,206,0.30%,"17,027",2.40%,316,0.70%,911,1.10%,"12,672",3.10%,11,0.00%,109,0.40%,"1,030",0.90%,222,0.30%,"1,853",1.30%,"2,583",1.30%,"1,512",1.50%,352,1.30%,92,0.10%,196,0.40%,"5,425",2.20%,74,0.20%,311,0.40%,368,0.70%,203,0.70%,24,0.10%,"2,399",1.40%,"2,953",1.10%,572,0.70%,16,0.00%,863,0.70%,195,0.40%,97,0.10%
        Walked,518,1.10%,781,1.90%,"4,832",17.00%,84,0.30%,"3,880",2.10%,947,1.60%,545,0.50%,"1,050",2.30%,"16,717",2.80%,534,0.50%,211,0.60%,"1,051",1.30%,"20,605",2.90%,"1,428",3.10%,"2,687",3.40%,"11,240",2.70%,612,1.60%,"1,048",3.90%,"1,039",0.90%,"1,798",2.10%,"3,155",2.20%,"4,811",2.50%,974,0.90%,197,0.70%,728,0.80%,680,1.40%,"6,536",2.70%,859,2.30%,"1,788",2.20%,"1,117",2.10%,269,0.90%,478,1.70%,"2,849",1.60%,"3,712",1.40%,"1,247",1.50%,681,1.60%,"1,685",1.40%,"3,048",5.50%,"2,974",4.40%
        Other means,308,0.70%,"1,184",2.80%,730,2.60%,77,0.30%,"1,117",0.60%,169,0.30%,424,0.40%,399,0.90%,"8,268",1.40%,371,0.30%,649,1.80%,"1,354",1.70%,"9,159",1.30%,927,2.00%,"1,214",1.50%,"3,740",0.90%,416,1.10%,139,0.50%,688,0.60%,"1,137",1.30%,"3,008",2.10%,"2,628",1.40%,"2,759",2.70%,223,0.80%,"1,013",1.10%,508,1.00%,"3,011",1.20%,46,0.10%,"1,530",1.90%,721,1.30%,0,0.00%,48,0.20%,"1,676",1.00%,"2,264",0.90%,"1,229",1.50%,"1,129",2.70%,359,0.30%,"2,598",4.70%,363,0.50%
        Worked from home,"1,142",2.50%,940,2.20%,"1,073",3.80%,439,1.50%,"10,580",5.80%,"2,638",4.50%,"6,479",6.20%,"1,936",4.30%,"27,913",4.70%,"9,332",8.80%,861,2.40%,"3,819",4.80%,"35,772",5.10%,"3,432",7.40%,"3,820",4.80%,"22,769",5.50%,863,2.30%,"1,538",5.70%,"5,998",5.20%,"4,742",5.50%,"5,118",3.60%,"5,440",2.80%,"3,543",3.40%,"1,075",4.00%,"5,080",5.50%,996,2.00%,"10,905",4.50%,"1,214",3.30%,"4,314",5.40%,"1,940",3.60%,"1,035",3.30%,"1,446",5.20%,"8,548",4.90%,"12,720",4.80%,"3,252",3.90%,"1,570",3.70%,"7,754",6.60%,"1,988",3.60%,"3,104",4.60%
        Mean travel time to work (minutes),19.8,(X),22.5,(X),22.7,(X),26.1,(X),26.8,(X),22,(X),28.2,(X),25.3,(X),24.3,(X),27,(X),23.8,(X),28.1,(X),23.1,(X),28.5,(X),20.6,(X),24.4,(X),19,(X),23.5,(X),23.9,(X),27.6,(X),25.3,(X),21.2,(X),23.7,(X),22.9,(X),28.2,(X),21.6,(X),22.6,(X),25.4,(X),26.9,(X),22,(X),26.1,(X),28.1,(X),22.4,(X),23.5,(X),24.9,(X),25.1,(X),26.2,(X),21.1,(X),20.9,(X)
OCCUPATION,,,,,,,,,,,,,,,,,,,,,,,,,,,,,,,,,,,,,,,,,,,,,,,,,,,,,,,,,,,,,,,,,,,,,,,,,,,,,,
Civilian employed population 16 years and over,"47,165","47,165","43,253","43,253","28,943","28,943","29,703","29,703","184,893","184,893","60,900","60,900","105,011","105,011","45,657","45,657","599,438","599,438","107,971","107,971","36,433","36,433","81,377","81,377","710,813","710,813","47,058","47,058","80,903","80,903","416,586","416,586","38,579","38,579","27,383","27,383","117,813","117,813","88,848","88,848","144,045","144,045","197,998","197,998","105,990","105,990","28,281","28,281","92,579","92,579","50,272","50,272","250,384","250,384","37,643","37,643","83,619","83,619","54,751","54,751","32,005","32,005","27,759","27,759","176,840","176,840","270,057","270,057","84,658","84,658","42,651","42,651","120,711","120,711","56,554","56,554","71,571","71,571"
"        Management, business, science, and arts occupations","12,590",26.70%,"11,609",26.80%,"11,868",41.00%,"9,182",30.90%,"69,375",37.50%,"17,078",28.00%,"41,181",39.20%,"14,296",31.30%,"243,124",40.60%,"59,054",54.70%,"10,602",29.10%,"33,355",41.00%,"322,285",45.30%,"19,172",40.70%,"38,378",47.40%,"189,983",45.60%,"13,822",35.80%,"8,328",30.40%,"43,680",37.10%,"32,699",36.80%,"53,299",37.00%,"67,774",34.20%,"36,451",34.40%,"7,429",26.30%,"42,031",45.40%,"15,237",30.30%,"94,642",37.80%,"12,671",33.70%,"26,437",31.60%,"17,193",31.40%,"10,243",32.00%,"9,790",35.30%,"60,557",34.20%,"103,882",38.50%,"25,018",29.60%,"11,823",27.70%,"62,132",51.50%,"18,066",31.90%,"26,251",36.70%
        Service occupations,"10,093",21.40%,"10,447",24.20%,"6,721",23.20%,"5,908",19.90%,"33,882",18.30%,"12,775",21.00%,"17,402",16.60%,"8,852",19.40%,"107,112",17.90%,"12,109",11.20%,"8,194",22.50%,"14,160",17.40%,"110,896",15.60%,"6,045",12.80%,"14,913",18.40%,"69,699",16.70%,"6,414",16.60%,"5,098",18.60%,"18,329",15.60%,"16,763",18.90%,"27,104",18.80%,"35,600",18.00%,"20,835",19.70%,"6,265",22.20%,"12,820",13.80%,"8,136",16.20%,"45,584",18.20%,"7,339",19.50%,"17,154",20.50%,"10,952",20.00%,"6,139",19.20%,"4,919",17.70%,"31,577",17.90%,"45,466",16.80%,"15,981",18.90%,"6,940",16.30%,"14,216",11.80%,"7,467",13.20%,"14,016",19.60%
        Sales and office occupations,"9,313",19.70%,"7,327",16.90%,"5,184",17.90%,"6,375",21.50%,"37,056",20.00%,"12,244",20.10%,"23,894",22.80%,"7,959",17.40%,"137,394",22.90%,"23,643",21.90%,"7,893",21.70%,"16,950",20.80%,"148,494",20.90%,"9,792",20.80%,"14,934",18.50%,"84,819",20.40%,"6,386",16.60%,"5,750",21.00%,"27,893",23.70%,"16,514",18.60%,"28,579",19.80%,"41,838",21.10%,"23,035",21.70%,"5,040",17.80%,"18,919",20.40%,"10,536",21.00%,"52,781",21.10%,"6,836",18.20%,"17,353",20.80%,"10,391",19.00%,"4,992",15.60%,"4,774",17.20%,"37,689",21.30%,"61,351",22.70%,"16,323",19.30%,"8,642",20.30%,"22,370",18.50%,"10,308",18.20%,"13,668",19.10%
"        Natural resources, construction, and maintenance occupations","4,286",9.10%,"4,531",10.50%,"2,259",7.80%,"3,480",11.70%,"12,659",6.80%,"5,247",8.60%,"8,093",7.70%,"5,143",11.30%,"32,216",5.40%,"4,527",4.20%,"2,582",7.10%,"5,913",7.30%,"37,831",5.30%,"6,945",14.80%,"3,574",4.40%,"21,131",5.10%,"3,350",8.70%,"3,599",13.10%,"7,903",6.70%,"9,297",10.50%,"12,536",8.70%,"14,583",7.40%,"7,749",7.30%,"2,278",8.10%,"6,818",7.40%,"4,284",8.50%,"16,718",6.70%,"3,805",10.10%,"8,045",9.60%,"4,496",8.20%,"2,122",6.60%,"2,849",10.30%,"13,291",7.50%,"18,107",6.70%,"8,190",9.70%,"4,581",10.70%,"8,474",7.00%,"6,060",10.70%,"5,052",7.10%
"        Production, transportation, and material moving occupations","10,883",23.10%,"9,339",21.60%,"2,911",10.10%,"4,758",16.00%,"31,921",17.30%,"13,556",22.30%,"14,441",13.80%,"9,407",20.60%,"79,592",13.30%,"8,638",8.00%,"7,162",19.70%,"10,999",13.50%,"91,307",12.80%,"5,104",10.80%,"9,104",11.30%,"50,954",12.20%,"8,607",22.30%,"4,608",16.80%,"20,008",17.00%,"13,575",15.30%,"22,527",15.60%,"38,203",19.30%,"17,920",16.90%,"7,269",25.70%,"11,991",13.00%,"12,079",24.00%,"40,659",16.20%,"6,992",18.60%,"14,630",17.50%,"11,719",21.40%,"8,509",26.60%,"5,427",19.60%,"33,726",19.10%,"41,251",15.30%,"19,146",22.60%,"10,665",25.00%,"13,519",11.20%,"14,653",25.90%,"12,584",17.60%
INDUSTRY,,,,,,,,,,,,,,,,,,,,,,,,,,,,,,,,,,,,,,,,,,,,,,,,,,,,,,,,,,,,,,,,,,,,,,,,,,,,,,
Civilian employed population 16 years and over,"47,165","47,165","43,253","43,253","28,943","28,943","29,703","29,703","184,893","184,893","60,900","60,900","105,011","105,011","45,657","45,657","599,438","599,438","107,971","107,971","36,433","36,433","81,377","81,377","710,813","710,813","47,058","47,058","80,903","80,903","416,586","416,586","38,579","38,579","27,383","27,383","117,813","117,813","88,848","88,848","144,045","144,045","197,998","197,998","105,990","105,990","28,281","28,281","92,579","92,579","50,272","50,272","250,384","250,384","37,643","37,643","83,619","83,619","54,751","54,751","32,005","32,005","27,759","27,759","176,840","176,840","270,057","270,057","84,658","84,658","42,651","42,651","120,711","120,711","56,554","56,554","71,571","71,571"
"        Agriculture, forestry, fishing and hunting, and mining",402,0.90%,"1,195",2.80%,254,0.90%,"1,585",5.30%,350,0.20%,591,1.00%,155,0.10%,778,1.70%,"1,401",0.20%,211,0.20%,522,1.40%,501,0.60%,"1,904",0.30%,684,1.50%,352,0.40%,523,0.10%,"1,367",3.50%,740,2.70%,"1,040",0.90%,"1,573",1.80%,509,0.40%,786,0.40%,819,0.80%,174,0.60%,701,0.80%,706,1.40%,477,0.20%,673,1.80%,396,0.50%,535,1.00%,366,1.10%,386,1.40%,"1,263",0.70%,459,0.20%,486,0.60%,"1,808",4.20%,"1,139",0.90%,"1,984",3.50%,453,0.60%
        Construction,"2,446",5.20%,"2,747",6.40%,"1,809",6.30%,"2,234",7.50%,"11,357",6.10%,"3,582",5.90%,"8,023",7.60%,"3,525",7.70%,"26,505",4.40%,"4,153",3.80%,"1,541",4.20%,"5,495",6.80%,"33,532",4.70%,"5,851",12.40%,"3,135",3.90%,"20,058",4.80%,"2,117",5.50%,"2,402",8.80%,"6,693",5.70%,"5,142",5.80%,"8,830",6.10%,"11,001",5.60%,"6,812",6.40%,"1,625",5.70%,"5,584",6.00%,"2,815",5.60%,"13,361",5.30%,"2,507",6.70%,"6,493",7.80%,"3,159",5.80%,"1,848",5.80%,"2,504",9.00%,"10,966",6.20%,"14,665",5.40%,"4,840",5.70%,"3,186",7.50%,"5,549",4.60%,"4,376",7.70%,"3,756",5.20%
        Manufacturing,"10,601",22.50%,"9,044",20.90%,"2,152",7.40%,"1,743",5.90%,"31,343",17.00%,"9,821",16.10%,"14,903",14.20%,"8,288",18.20%,"70,677",11.80%,"11,947",11.10%,"5,855",16.10%,"7,379",9.10%,"52,541",7.40%,"6,923",14.70%,"7,155",8.80%,"47,782",11.50%,"10,309",26.70%,"3,412",12.50%,"23,746",20.20%,"10,196",11.50%,"22,480",15.60%,"34,875",17.60%,"14,495",13.70%,"7,222",25.50%,"14,458",15.60%,"13,240",26.30%,"33,448",13.40%,"3,832",10.20%,"12,937",15.50%,"10,190",18.60%,"5,783",18.10%,"2,980",10.70%,"31,519",17.80%,"39,178",14.50%,"16,933",20.00%,"9,556",22.40%,"21,944",18.20%,"14,861",26.30%,"12,982",18.10%
        Wholesale trade,767,1.60%,635,1.50%,603,2.10%,953,3.20%,"4,484",2.40%,"1,543",2.50%,"3,131",3.00%,666,1.50%,"16,339",2.70%,"3,092",2.90%,539,1.50%,"2,348",2.90%,"19,253",2.70%,"1,170",2.50%,"1,284",1.60%,"12,432",3.00%,"1,184",3.10%,536,2.00%,"3,090",2.60%,"1,720",1.90%,"3,305",2.30%,"5,946",3.00%,"2,259",2.10%,540,1.90%,"3,278",3.50%,"1,184",2.40%,"4,862",1.90%,"1,097",2.90%,"2,725",3.30%,"1,029",1.90%,466,1.50%,326,1.20%,"6,458",3.70%,"8,926",3.30%,"1,727",2.00%,882,2.10%,"2,884",2.40%,"1,235",2.20%,"1,944",2.70%
        Retail trade,"5,503",11.70%,"3,311",7.70%,"2,831",9.80%,"3,990",13.40%,"22,225",12.00%,"7,622",12.50%,"14,087",13.40%,"4,324",9.50%,"66,889",11.20%,"11,941",11.10%,"3,940",10.80%,"12,129",14.90%,"81,573",11.50%,"4,503",9.60%,"10,379",12.80%,"40,870",9.80%,"4,143",10.70%,"3,023",11.00%,"14,526",12.30%,"11,236",12.60%,"17,023",11.80%,"24,676",12.50%,"13,965",13.20%,"2,712",9.60%,"8,581",9.30%,"6,351",12.60%,"25,308",10.10%,"4,680",12.40%,"10,023",12.00%,"6,333",11.60%,"3,743",11.70%,"3,021",10.90%,"21,226",12.00%,"31,399",11.60%,"10,099",11.90%,"4,753",11.10%,"14,219",11.80%,"6,506",11.50%,"6,340",8.90%
"        Transportation and warehousing, and utilities","2,537",5.40%,"2,008",4.60%,882,3.00%,"1,795",6.00%,"9,569",5.20%,"2,959",4.90%,"4,723",4.50%,"2,998",6.60%,"26,234",4.40%,"3,139",2.90%,"2,422",6.60%,"4,352",5.30%,"48,268",6.80%,936,2.00%,"2,492",3.10%,"26,294",6.30%,"2,021",5.20%,"1,267",4.60%,"4,214",3.60%,"4,655",5.20%,"7,371",5.10%,"11,153",5.60%,"6,513",6.10%,850,3.00%,"3,268",3.50%,"2,573",5.10%,"12,823",5.10%,"2,824",7.50%,"3,150",3.80%,"2,938",5.40%,"2,263",7.10%,"2,133",7.70%,"8,962",5.10%,"13,160",4.90%,"4,216",5.00%,"2,132",5.00%,"3,488",2.90%,"2,535",4.50%,"4,451",6.20%
        Information,500,1.10%,434,1.00%,137,0.50%,351,1.20%,"2,015",1.10%,434,0.70%,"1,101",1.00%,"1,208",2.60%,"10,599",1.80%,"2,148",2.00%,758,2.10%,"1,990",2.40%,"16,582",2.30%,392,0.80%,"1,915",2.40%,"5,539",1.30%,507,1.30%,588,2.10%,"1,145",1.00%,"1,092",1.20%,"1,874",1.30%,"2,751",1.40%,"1,117",1.10%,210,0.70%,"1,265",1.40%,"1,000",2.00%,"3,558",1.40%,241,0.60%,"1,064",1.30%,512,0.90%,421,1.30%,95,0.30%,"1,975",1.10%,"4,460",1.70%,"1,092",1.30%,315,0.70%,"1,345",1.10%,473,0.80%,442,0.60%
"        Finance and insurance, and real estate and rental and leasing","1,254",2.70%,"2,048",4.70%,756,2.60%,"1,488",5.00%,"12,065",6.50%,"2,578",4.20%,"8,920",8.50%,"1,583",3.50%,"44,254",7.40%,"12,972",12.00%,"2,063",5.70%,"5,375",6.60%,"64,758",9.10%,"2,733",5.80%,"2,564",3.20%,"31,952",7.70%,791,2.10%,"2,185",8.00%,"10,266",8.70%,"8,635",9.70%,"6,646",4.60%,"9,183",4.60%,"4,520",4.30%,"1,022",3.60%,"7,605",8.20%,"1,612",3.20%,"17,651",7.00%,"1,278",3.40%,"4,249",5.10%,"1,763",3.20%,807,2.50%,889,3.20%,"9,710",5.50%,"16,522",6.10%,"4,765",5.60%,897,2.10%,"10,080",8.40%,"1,652",2.90%,"3,460",4.80%
"        Professional, scientific, and management, and administrative and waste management services","3,281",7.00%,"2,100",4.90%,"1,777",6.10%,"1,684",5.70%,"17,698",9.60%,"4,061",6.70%,"13,787",13.10%,"3,230",7.10%,"69,382",11.60%,"14,812",13.70%,"2,911",8.00%,"5,944",7.30%,"89,182",12.50%,"5,867",12.50%,"10,758",13.30%,"53,928",12.90%,"2,229",5.80%,"2,001",7.30%,"9,384",8.00%,"7,140",8.00%,"13,166",9.10%,"19,334",9.80%,"7,894",7.40%,"1,940",6.90%,"11,190",12.10%,"3,573",7.10%,"29,333",11.70%,"2,353",6.30%,"5,470",6.50%,"3,539",6.50%,"2,438",7.60%,"2,033",7.30%,"13,225",7.50%,"29,780",11.00%,"5,525",6.50%,"3,710",8.70%,"15,408",12.80%,"3,440",6.10%,"4,663",6.50%
"        Educational services, and health care and social assistance","11,315",24.00%,"10,389",24.00%,"11,053",38.20%,"7,158",24.10%,"44,487",24.10%,"14,746",24.20%,"20,141",19.20%,"11,142",24.40%,"158,114",26.40%,"27,358",25.30%,"8,143",22.40%,"19,777",24.30%,"176,424",24.80%,"11,094",23.60%,"20,381",25.20%,"103,024",24.70%,"8,674",22.50%,"6,839",25.00%,"23,804",20.20%,"21,573",24.30%,"35,534",24.70%,"46,554",23.50%,"25,815",24.40%,"7,315",25.90%,"21,707",23.40%,"8,377",16.70%,"64,145",25.60%,"10,057",26.70%,"18,840",22.50%,"15,031",27.50%,"8,859",27.70%,"7,857",28.30%,"40,513",22.90%,"64,496",23.90%,"20,023",23.70%,"8,414",19.70%,"26,206",21.70%,"12,987",23.00%,"19,999",27.90%
"        Arts, entertainment, and recreation, and accommodation and food services","5,733",12.20%,"4,653",10.80%,"4,978",17.20%,"4,549",15.30%,"16,252",8.80%,"7,014",11.50%,"8,608",8.20%,"4,525",9.90%,"56,532",9.40%,"7,833",7.30%,"5,181",14.20%,"7,400",9.10%,"64,725",9.10%,"2,889",6.10%,"8,014",9.90%,"43,778",10.50%,"3,301",8.60%,"2,127",7.80%,"10,716",9.10%,"7,602",8.60%,"14,429",10.00%,"18,437",9.30%,"12,268",11.60%,"1,982",7.00%,"7,985",8.60%,"4,537",9.00%,"22,901",9.10%,"4,565",12.10%,"10,322",12.30%,"4,497",8.20%,"1,721",5.40%,"2,823",10.20%,"16,899",9.60%,"26,995",10.00%,"7,500",8.90%,"3,817",8.90%,"9,353",7.70%,"2,780",4.90%,"8,117",11.30%
"        Other services, except public administration","1,174",2.50%,"2,497",5.80%,"1,032",3.60%,"1,205",4.10%,"7,826",4.20%,"2,817",4.60%,"4,615",4.40%,"2,620",5.70%,"27,917",4.70%,"4,686",4.30%,"1,938",5.30%,"3,609",4.40%,"31,942",4.50%,"2,246",4.80%,"3,025",3.70%,"16,890",4.10%,"1,059",2.70%,"1,310",4.80%,"5,068",4.30%,"3,671",4.10%,"5,335",3.70%,"7,339",3.70%,"5,377",5.10%,"1,328",4.70%,"4,032",4.40%,"2,177",4.30%,"10,287",4.10%,"2,515",6.70%,"5,099",6.10%,"2,818",5.10%,"1,025",3.20%,"1,476",5.30%,"9,990",5.60%,"12,293",4.60%,"4,338",5.10%,"1,694",4.00%,"4,194",3.50%,"2,336",4.10%,"2,473",3.50%
        Public administration,"1,652",3.50%,"2,192",5.10%,679,2.30%,968,3.30%,"5,222",2.80%,"3,132",5.10%,"2,817",2.70%,770,1.70%,"24,595",4.10%,"3,679",3.40%,620,1.70%,"5,078",6.20%,"30,129",4.20%,"1,770",3.80%,"9,449",11.70%,"13,516",3.20%,877,2.30%,953,3.50%,"4,121",3.50%,"4,613",5.20%,"7,543",5.20%,"5,963",3.00%,"4,136",3.90%,"1,361",4.80%,"2,925",3.20%,"2,127",4.20%,"12,230",4.90%,"1,021",2.70%,"2,851",3.40%,"2,407",4.40%,"2,265",7.10%,"1,236",4.50%,"4,134",2.30%,"7,724",2.90%,"3,114",3.70%,"1,487",3.50%,"4,902",4.10%,"1,389",2.50%,"2,491",3.50%
CLASS OF WORKER,,,,,,,,,,,,,,,,,,,,,,,,,,,,,,,,,,,,,,,,,,,,,,,,,,,,,,,,,,,,,,,,,,,,,,,,,,,,,,
Civilian employed population 16 years and over,"47,165","47,165","43,253","43,253","28,943","28,943","29,703","29,703","184,893","184,893","60,900","60,900","105,011","105,011","45,657","45,657","599,438","599,438","107,971","107,971","36,433","36,433","81,377","81,377","710,813","710,813","47,058","47,058","80,903","80,903","416,586","416,586","38,579","38,579","27,383","27,383","117,813","117,813","88,848","88,848","144,045","144,045","197,998","197,998","105,990","105,990","28,281","28,281","92,579","92,579","50,272","50,272","250,384","250,384","37,643","37,643","83,619","83,619","54,751","54,751","32,005","32,005","27,759","27,759","176,840","176,840","270,057","270,057","84,658","84,658","42,651","42,651","120,711","120,711","56,554","56,554","71,571","71,571"
        Private wage and salary workers,"39,385",83.50%,"36,003",83.20%,"18,770",64.90%,"25,401",85.50%,"155,676",84.20%,"49,485",81.30%,"90,482",86.20%,"38,648",84.60%,"499,508",83.30%,"89,416",82.80%,"31,343",86.00%,"63,536",78.10%,"573,814",80.70%,"38,055",80.90%,"61,515",76.00%,"352,994",84.70%,"32,597",84.50%,"23,210",84.80%,"100,762",85.50%,"71,039",80.00%,"119,877",83.20%,"167,142",84.40%,"85,949",81.10%,"23,169",81.90%,"79,760",86.20%,"42,157",83.90%,"206,937",82.60%,"30,407",80.80%,"69,165",82.70%,"43,626",79.70%,"24,232",75.70%,"22,238",80.10%,"150,432",85.10%,"228,841",84.70%,"68,757",81.20%,"34,161",80.10%,"101,533",84.10%,"45,695",80.80%,"55,866",78.10%
        Government workers,"5,447",11.50%,"4,579",10.60%,"8,233",28.40%,"3,459",11.60%,"21,285",11.50%,"7,866",12.90%,"8,626",8.20%,"5,244",11.50%,"74,177",12.40%,"12,412",11.50%,"3,793",10.40%,"13,397",16.50%,"103,876",14.60%,"4,999",10.60%,"16,054",19.80%,"45,563",10.90%,"3,808",9.90%,"2,759",10.10%,"12,238",10.40%,"12,405",14.00%,"19,172",13.30%,"22,614",11.40%,"12,943",12.20%,"3,213",11.40%,"9,326",10.10%,"5,972",11.90%,"32,496",13.00%,"4,380",11.60%,"10,461",12.50%,"7,993",14.60%,"6,559",20.50%,"4,027",14.50%,"15,123",8.60%,"27,372",10.10%,"10,635",12.60%,"5,135",12.00%,"12,280",10.20%,"7,002",12.40%,"12,379",17.30%
        Self-employed in own not incorporated business workers,"2,333",4.90%,"2,550",5.90%,"1,868",6.50%,802,2.70%,"7,794",4.20%,"3,190",5.20%,"5,641",5.40%,"1,671",3.70%,"24,903",4.20%,"5,701",5.30%,"1,243",3.40%,"4,244",5.20%,"31,531",4.40%,"3,835",8.10%,"3,334",4.10%,"17,220",4.10%,"2,157",5.60%,"1,389",5.10%,"4,729",4.00%,"5,305",6.00%,"4,887",3.40%,"7,889",4.00%,"6,981",6.60%,"1,815",6.40%,"3,406",3.70%,"2,082",4.10%,"10,763",4.30%,"2,856",7.60%,"3,570",4.30%,"3,072",5.60%,"1,038",3.20%,"1,494",5.40%,"10,631",6.00%,"13,034",4.80%,"5,266",6.20%,"3,324",7.80%,"6,658",5.50%,"3,490",6.20%,"3,136",4.40%
        Unpaid family workers,0,0.00%,121,0.30%,72,0.20%,41,0.10%,138,0.10%,359,0.60%,262,0.20%,94,0.20%,850,0.10%,442,0.40%,54,0.10%,200,0.20%,"1,592",0.20%,169,0.40%,0,0.00%,809,0.20%,17,0.00%,25,0.10%,84,0.10%,99,0.10%,109,0.10%,353,0.20%,117,0.10%,84,0.30%,87,0.10%,61,0.10%,188,0.10%,0,0.00%,423,0.50%,60,0.10%,176,0.50%,0,0.00%,654,0.40%,810,0.30%,0,0.00%,31,0.10%,240,0.20%,367,0.60%,190,0.30%
INCOME AND BENEFITS (IN 2019 INFLATION-ADJUSTED DOLLARS),,,,,,,,,,,,,,,,,,,,,,,,,,,,,,,,,,,,,,,,,,,,,,,,,,,,,,,,,,,,,,,,,,,,,,,,,,,,,,
    Total households,"40,460","40,460","39,490","39,490","22,659","22,659","25,651","25,651","140,141","140,141","54,406","54,406","80,041","80,041","40,560","40,560","549,471","549,471","73,290","73,290","30,308","30,308","59,031","59,031","522,383","522,383","35,439","35,439","66,154","66,154","347,235","347,235","32,490","32,490","27,515","27,515","96,967","96,967","66,604","66,604","120,299","120,299","182,105","182,105","100,057","100,057","25,013","25,013","70,450","70,450","41,273","41,273","224,831","224,831","33,342","33,342","61,018","61,018","49,812","49,812","28,365","28,365","29,319","29,319","154,280","154,280","224,629","224,629","84,159","84,159","36,788","36,788","84,460","84,460","44,589","44,589","51,353","51,353"
"Less than $10,000","2,185",5.40%,"2,981",7.50%,"2,422",10.70%,"1,610",6.30%,"8,832",6.30%,"4,194",7.70%,"3,153",3.90%,"2,969",7.30%,"46,704",8.50%,"1,579",2.20%,"2,066",6.80%,"1,652",2.80%,"27,991",5.40%,872,2.50%,"2,734",4.10%,"26,628",7.70%,"1,439",4.40%,"2,650",9.60%,"2,671",2.80%,"3,104",4.70%,"7,899",6.60%,"18,887",10.40%,"8,327",8.30%,"1,744",7.00%,"2,275",3.20%,"1,656",4.00%,"16,276",7.20%,"2,372",7.10%,"3,702",6.10%,"3,084",6.20%,"2,236",7.90%,"2,905",9.90%,"9,347",6.10%,"15,176",6.80%,"6,624",7.90%,"2,200",6.00%,"1,858",2.20%,"2,059",4.60%,"2,722",5.30%
"$10,000 to $14,999","1,479",3.70%,"2,041",5.20%,"1,755",7.70%,"1,389",5.40%,"4,518",3.20%,"2,356",4.30%,"2,738",3.40%,"2,220",5.50%,"31,517",5.70%,813,1.10%,890,2.90%,"1,786",3.00%,"17,396",3.30%,808,2.30%,"1,825",2.80%,"14,485",4.20%,935,2.90%,"1,654",6.00%,"3,916",4.00%,"2,731",4.10%,"6,810",5.70%,"8,422",4.60%,"6,612",6.60%,"1,688",6.70%,"1,399",2.00%,"1,545",3.70%,"9,065",4.00%,"1,676",5.00%,"2,448",4.00%,"1,800",3.60%,"1,673",5.90%,"2,594",8.80%,"7,087",4.60%,"9,495",4.20%,"5,471",6.50%,"1,497",4.10%,"1,411",1.70%,"2,405",5.40%,"1,765",3.40%
"$15,000 to $24,999","3,544",8.80%,"5,320",13.50%,"2,343",10.30%,"2,291",8.90%,"10,463",7.50%,"5,511",10.10%,"6,795",8.50%,"3,949",9.70%,"56,970",10.40%,"4,185",5.70%,"2,277",7.50%,"4,716",8.00%,"46,817",9.00%,"1,998",5.60%,"5,452",8.20%,"34,498",9.90%,"3,316",10.20%,"3,038",11.00%,"8,086",8.30%,"5,255",7.90%,"10,966",9.10%,"20,097",11.00%,"11,485",11.50%,"1,974",7.90%,"4,007",5.70%,"4,348",10.50%,"24,397",10.90%,"3,449",10.30%,"6,109",10.00%,"6,526",13.10%,"2,706",9.50%,"3,095",10.60%,"16,262",10.50%,"21,063",9.40%,"8,936",10.60%,"3,768",10.20%,"3,576",4.20%,"3,208",7.20%,"4,519",8.80%
"$25,000 to $34,999","4,307",10.60%,"5,642",14.30%,"3,005",13.30%,"3,078",12.00%,"10,425",7.40%,"7,099",13.00%,"5,161",6.40%,"4,266",10.50%,"54,341",9.90%,"3,938",5.40%,"2,628",8.70%,"5,559",9.40%,"42,969",8.20%,"3,568",10.10%,"6,359",9.60%,"30,565",8.80%,"2,953",9.10%,"2,165",7.90%,"8,093",8.30%,"6,269",9.40%,"11,383",9.50%,"21,050",11.60%,"12,206",12.20%,"2,906",11.60%,"5,371",7.60%,"3,582",8.70%,"24,198",10.80%,"4,536",13.60%,"5,269",8.60%,"4,965",10.00%,"3,929",13.90%,"2,373",8.10%,"15,745",10.20%,"24,798",11.00%,"9,697",11.50%,"4,324",11.80%,"3,173",3.80%,"5,283",11.80%,"4,593",8.90%
"$35,000 to $49,999","5,974",14.80%,"4,827",12.20%,"2,684",11.80%,"4,504",17.60%,"15,550",11.10%,"7,967",14.60%,"10,579",13.20%,"5,011",12.40%,"70,912",12.90%,"5,670",7.70%,"4,491",14.80%,"6,011",10.20%,"63,347",12.10%,"3,693",10.40%,"8,805",13.30%,"37,323",10.70%,"4,916",15.10%,"4,831",17.60%,"13,532",14.00%,"6,908",10.40%,"14,849",12.30%,"23,588",13.00%,"13,819",13.80%,"4,040",16.20%,"8,830",12.50%,"5,272",12.80%,"29,471",13.10%,"4,219",12.70%,"9,459",15.50%,"7,442",14.90%,"2,524",8.90%,"4,538",15.50%,"21,994",14.30%,"29,635",13.20%,"13,655",16.20%,"5,065",13.80%,"8,790",10.40%,"6,052",13.60%,"5,972",11.60%
"$50,000 to $74,999","8,702",21.50%,"8,129",20.60%,"3,745",16.50%,"5,346",20.80%,"25,218",18.00%,"10,153",18.70%,"14,548",18.20%,"8,860",21.80%,"99,804",18.20%,"8,389",11.40%,"5,823",19.20%,"11,365",19.30%,"101,684",19.50%,"6,199",17.50%,"10,805",16.30%,"58,383",16.80%,"5,748",17.70%,"4,794",17.40%,"19,689",20.30%,"12,950",19.40%,"21,328",17.70%,"30,663",16.80%,"16,598",16.60%,"4,921",19.70%,"12,600",17.90%,"7,704",18.70%,"41,864",18.60%,"6,399",19.20%,"11,469",18.80%,"10,867",21.80%,"5,036",17.80%,"4,213",14.40%,"30,701",19.90%,"41,154",18.30%,"18,277",21.70%,"8,250",22.40%,"15,393",18.20%,"9,601",21.50%,"10,215",19.90%
"$75,000 to $99,999","7,057",17.40%,"4,401",11.10%,"2,262",10.00%,"2,313",9.00%,"21,041",15.00%,"6,762",12.40%,"9,411",11.80%,"5,928",14.60%,"64,072",11.70%,"8,620",11.80%,"4,871",16.10%,"8,146",13.80%,"66,159",12.70%,"4,713",13.30%,"9,085",13.70%,"38,753",11.20%,"4,574",14.10%,"3,234",11.80%,"15,021",15.50%,"8,719",13.10%,"16,127",13.40%,"20,368",11.20%,"12,764",12.80%,"3,018",12.10%,"9,475",13.40%,"5,752",13.90%,"30,937",13.80%,"4,731",14.20%,"7,545",12.40%,"7,594",15.20%,"4,786",16.90%,"4,661",15.90%,"19,119",12.40%,"27,500",12.20%,"8,522",10.10%,"5,306",14.40%,"12,169",14.40%,"5,965",13.40%,"7,597",14.80%
"$100,000 to $149,999","5,139",12.70%,"3,935",10.00%,"2,903",12.80%,"3,098",12.10%,"21,967",15.70%,"6,676",12.30%,"14,818",18.50%,"5,745",14.20%,"69,025",12.60%,"16,234",22.20%,"4,994",16.50%,"11,316",19.20%,"83,750",16.00%,"6,682",18.90%,"10,349",15.60%,"53,739",15.50%,"4,462",13.70%,"3,609",13.10%,"15,940",16.40%,"11,738",17.60%,"17,846",14.80%,"22,658",12.40%,"11,892",11.90%,"2,684",10.70%,"14,642",20.80%,"7,607",18.40%,"30,847",13.70%,"3,784",11.30%,"9,552",15.70%,"5,437",10.90%,"3,594",12.70%,"3,131",10.70%,"21,781",14.10%,"28,506",12.70%,"7,978",9.50%,"4,739",12.90%,"16,058",19.00%,"6,550",14.70%,"6,380",12.40%
"$150,000 to $199,999","1,001",2.50%,"1,346",3.40%,"1,037",4.60%,942,3.70%,"12,633",9.00%,"2,457",4.50%,"6,674",8.30%,"1,017",2.50%,"26,494",4.80%,"9,465",12.90%,"1,439",4.70%,"4,327",7.30%,"37,178",7.10%,"3,241",9.10%,"5,653",8.50%,"23,814",6.90%,"2,246",6.90%,"1,075",3.90%,"5,972",6.20%,"4,352",6.50%,"6,450",5.40%,"9,374",5.10%,"3,114",3.10%,892,3.60%,"6,218",8.80%,"2,061",5.00%,"9,151",4.10%,"1,423",4.30%,"3,021",5.00%,"1,282",2.60%,955,3.40%,"1,133",3.90%,"6,404",4.20%,"13,275",5.90%,"2,319",2.80%,715,1.90%,"9,658",11.40%,"1,907",4.30%,"4,352",8.50%
"$200,000 or more","1,072",2.60%,868,2.20%,503,2.20%,"1,080",4.20%,"9,494",6.80%,"1,231",2.30%,"6,164",7.70%,595,1.50%,"29,632",5.40%,"14,397",19.60%,829,2.70%,"4,153",7.00%,"35,092",6.70%,"3,665",10.30%,"5,087",7.70%,"29,047",8.40%,"1,901",5.90%,465,1.70%,"4,047",4.20%,"4,578",6.90%,"6,641",5.50%,"6,998",3.80%,"3,240",3.20%,"1,146",4.60%,"5,633",8.00%,"1,746",4.20%,"8,625",3.80%,753,2.30%,"2,444",4.00%,815,1.60%,926,3.30%,676,2.30%,"5,840",3.80%,"14,027",6.20%,"2,680",3.20%,924,2.50%,"12,374",14.70%,"1,559",3.50%,"3,238",6.30%
        Median household income (dollars),"60,429",(X),"44,580",(X),"41,851",(X),"49,780",(X),"68,584",(X),"50,128",(X),"67,744",(X),"53,542",(X),"52,423",(X),"107,854",(X),"60,653",(X),"71,469",(X),"64,713",(X),"77,391",(X),"67,394",(X),"60,198",(X),"60,944",(X),"47,445",(X),"64,076",(X),"66,013",(X),"58,686",(X),"49,448",(X),"47,170",(X),"50,608",(X),"76,468",(X),"62,451",(X),"54,537",(X),"51,844",(X),"56,679",(X),"51,783",(X),"55,717",(X),"45,571",(X),"55,499",(X),"57,364",(X),"47,087",(X),"53,616",(X),"90,837",(X),"57,458",(X),"63,791",(X)
        Mean household income (dollars),"67,471",(X),"65,566",(X),"62,186",(X),"67,033",(X),"88,973",(X),"66,192",(X),"92,601",(X),"63,169",(X),"75,382",(X),"135,296",(X),"81,492",(X),"89,741",(X),"87,764",(X),"104,403",(X),"90,009",(X),"89,581",(X),"85,029",(X),"61,257",(X),"79,074",(X),"88,327",(X),"77,894",(X),"70,287",(X),"63,363",(X),"75,598",(X),"97,415",(X),"80,018",(X),"72,781",(X),"65,255",(X),"74,539",(X),"65,660",(X),"70,298",(X),"60,213",(X),"71,726",(X),"82,501",(X),"63,876",(X),"66,584",(X),"123,325",(X),"72,370",(X),"82,303",(X)
        With earnings,"30,268",74.80%,"27,915",70.70%,"15,890",70.10%,"18,271",71.20%,"108,263",77.30%,"38,324",70.40%,"61,750",77.10%,"29,001",71.50%,"402,105",73.20%,"60,717",82.80%,"21,981",72.50%,"46,434",78.70%,"441,707",84.60%,"28,080",79.20%,"50,434",76.20%,"273,523",78.80%,"25,861",79.60%,"18,315",66.60%,"73,302",75.60%,"49,969",75.00%,"85,974",71.50%,"132,376",72.70%,"70,831",70.80%,"18,469",73.80%,"55,657",79.00%,"30,947",75.00%,"168,432",74.90%,"23,792",71.40%,"47,206",77.40%,"36,041",72.40%,"19,911",70.20%,"20,002",68.20%,"114,680",74.30%,"170,322",75.80%,"57,275",68.10%,"27,295",74.20%,"69,969",82.80%,"34,133",76.60%,"41,278",80.40%
            Mean earnings (dollars),"64,215",(X),"63,377",(X),"66,156",(X),"68,233",(X),"90,452",(X),"67,173",(X),"94,112",(X),"63,962",(X),"79,466",(X),"138,423",(X),"79,173",(X),"92,332",(X),"86,060",(X),"100,813",(X),"88,231",(X),"89,217",(X),"80,523",(X),"63,982",(X),"79,570",(X),"92,881",(X),"80,440",(X),"74,061",(X),"64,525",(X),"78,414",(X),"97,351",(X),"76,290",(X),"70,034",(X),"64,329",(X),"73,890",(X),"67,740",(X),"75,722",(X),"63,445",(X),"70,957",(X),"83,965",(X),"63,632",(X),"66,479",(X),"120,017",(X),"71,812",(X),"80,747",(X)
        With Social Security,"14,964",37.00%,"14,439",36.60%,"5,743",25.30%,"9,890",38.60%,"45,540",32.50%,"20,365",37.40%,"26,442",33.00%,"15,986",39.40%,"171,911",31.30%,"19,854",27.10%,"11,910",39.30%,"18,684",31.70%,"114,794",22.00%,"13,863",39.10%,"20,021",30.30%,"96,568",27.80%,"10,482",32.30%,"11,003",40.00%,"33,970",35.00%,"22,155",33.30%,"43,233",35.90%,"59,690",32.80%,"35,795",35.80%,"9,053",36.20%,"23,881",33.90%,"14,450",35.00%,"69,770",31.00%,"14,169",42.50%,"21,510",35.30%,"17,824",35.80%,"9,059",31.90%,"12,406",42.30%,"55,917",36.20%,"73,422",32.70%,"34,100",40.50%,"13,069",35.50%,"25,136",29.80%,"16,418",36.80%,"14,178",27.60%
            Mean Social Security income (dollars),"19,738",(X),"19,366",(X),"17,652",(X),"16,391",(X),"19,829",(X),"17,913",(X),"20,099",(X),"19,111",(X),"18,200",(X),"23,625",(X),"18,189",(X),"19,026",(X),"18,467",(X),"23,204",(X),"20,447",(X),"18,982",(X),"21,297",(X),"19,140",(X),"20,321",(X),"19,113",(X),"19,422",(X),"18,997",(X),"18,463",(X),"18,895",(X),"21,133",(X),"18,790",(X),"19,585",(X),"17,195",(X),"19,313",(X),"18,703",(X),"18,275",(X),"16,260",(X),"18,817",(X),"19,200",(X),"18,590",(X),"16,828",(X),"20,787",(X),"18,650",(X),"19,733",(X)
        With retirement income,"12,926",31.90%,"11,208",28.40%,"5,144",22.70%,"7,519",29.30%,"37,534",26.80%,"17,372",31.90%,"21,435",26.80%,"11,791",29.10%,"138,839",25.30%,"18,427",25.10%,"11,162",36.80%,"16,724",28.30%,"97,786",18.70%,"10,066",28.40%,"21,124",31.90%,"81,677",23.50%,"9,151",28.20%,"9,045",32.90%,"29,101",30.00%,"18,815",28.20%,"35,580",29.60%,"45,278",24.90%,"30,277",30.30%,"7,375",29.50%,"21,502",30.50%,"13,678",33.10%,"64,831",28.80%,"11,135",33.40%,"16,491",27.00%,"14,639",29.40%,"8,066",28.40%,"8,532",29.10%,"43,789",28.40%,"60,104",26.80%,"25,691",30.50%,"10,296",28.00%,"25,821",30.60%,"12,315",27.60%,"13,542",26.40%
            Mean retirement income (dollars),"24,354",(X),"20,981",(X),"29,442",(X),"23,521",(X),"29,007",(X),"25,968",(X),"28,403",(X),"19,040",(X),"25,362",(X),"30,029",(X),"24,683",(X),"23,150",(X),"31,839",(X),"27,791",(X),"34,661",(X),"30,423",(X),"38,018",(X),"19,211",(X),"24,939",(X),"25,880",(X),"27,028",(X),"24,389",(X),"20,942",(X),"23,977",(X),"28,054",(X),"28,790",(X),"27,773",(X),"19,225",(X),"24,587",(X),"22,216",(X),"25,925",(X),"23,200",(X),"23,655",(X),"25,150",(X),"21,129",(X),"21,932",(X),"34,419",(X),"20,680",(X),"24,973",(X)
        With Supplemental Security Income,"3,231",8.00%,"2,708",6.90%,"1,535",6.80%,"2,092",8.20%,"7,277",5.20%,"3,556",6.50%,"3,781",4.70%,"2,827",7.00%,"42,896",7.80%,"2,475",3.40%,"1,950",6.40%,"2,770",4.70%,"23,608",4.50%,825,2.30%,"2,195",3.30%,"17,358",5.00%,"1,940",6.00%,"2,489",9.00%,"3,732",3.80%,"4,714",7.10%,"7,466",6.20%,"13,863",7.60%,"8,138",8.10%,"1,666",6.70%,"2,228",3.20%,"2,265",5.50%,"16,597",7.40%,"2,865",8.60%,"2,336",3.80%,"3,072",6.20%,"2,448",8.60%,"3,503",11.90%,"10,575",6.90%,"13,075",5.80%,"6,142",7.30%,"1,478",4.00%,"2,839",3.40%,"1,324",3.00%,"1,954",3.80%
            Mean Supplemental Security Income (dollars),"10,670",(X),"10,058",(X),"10,601",(X),"10,565",(X),"11,050",(X),"9,420",(X),"10,498",(X),"10,414",(X),"9,916",(X),"9,242",(X),"10,529",(X),"12,294",(X),"10,388",(X),"7,198",(X),"11,106",(X),"9,885",(X),"8,850",(X),"10,866",(X),"10,132",(X),"9,641",(X),"9,558",(X),"10,009",(X),"10,612",(X),"8,863",(X),"9,359",(X),"8,185",(X),"9,628",(X),"8,520",(X),"10,363",(X),"8,812",(X),"9,885",(X),"8,288",(X),"8,886",(X),"9,087",(X),"10,543",(X),"10,733",(X),"12,917",(X),"9,334",(X),"10,701",(X)
        With cash public assistance income,"1,507",3.70%,"1,177",3.00%,333,1.50%,288,1.10%,"1,363",1.00%,"2,874",5.30%,"1,418",1.80%,"1,060",2.60%,"14,730",2.70%,652,0.90%,807,2.70%,"1,248",2.10%,"7,533",1.40%,281,0.80%,"3,228",4.90%,"6,362",1.80%,630,1.90%,339,1.20%,"1,408",1.50%,"2,088",3.10%,"4,374",3.60%,"5,002",2.70%,"2,406",2.40%,718,2.90%,628,0.90%,"1,149",2.80%,"5,371",2.40%,868,2.60%,"1,280",2.10%,"1,593",3.20%,839,3.00%,398,1.40%,"8,238",5.30%,"9,145",4.10%,"1,357",1.60%,511,1.40%,642,0.80%,"1,059",2.40%,234,0.50%
            Mean cash public assistance income (dollars),"2,455",(X),"5,463",(X),342,(X),"1,366",(X),"4,559",(X),"2,584",(X),"3,098",(X),"1,504",(X),"2,556",(X),"3,800",(X),"2,143",(X),"4,127",(X),"3,521",(X),N,(X),"3,310",(X),"3,178",(X),"1,336",(X),"3,823",(X),"3,359",(X),"2,483",(X),"2,423",(X),"2,893",(X),"3,000",(X),"2,231",(X),"3,546",(X),"4,866",(X),"2,471",(X),"2,211",(X),"1,866",(X),"3,663",(X),"2,662",(X),"1,605",(X),"2,872",(X),"3,258",(X),"2,288",(X),N,(X),N,(X),"3,888",(X),"1,953",(X)
With Food Stamp/SNAP benefits in the past 12 months,"4,397",10.90%,"8,007",20.30%,"3,461",15.30%,"2,681",10.50%,"12,306",8.80%,"8,972",16.50%,"5,170",6.50%,"5,928",14.60%,"90,458",16.50%,"2,901",4.00%,"4,134",13.60%,"5,598",9.50%,"52,602",10.10%,"1,509",4.30%,"5,535",8.40%,"34,831",10.00%,"2,500",7.70%,"4,384",15.90%,"7,834",8.10%,"7,709",11.60%,"13,922",11.60%,"32,710",18.00%,"16,277",16.30%,"4,374",17.50%,"4,093",5.80%,"3,708",9.00%,"29,139",13.00%,"6,276",18.80%,"7,941",13.00%,"6,970",14.00%,"5,289",18.60%,"8,152",27.80%,"20,213",13.10%,"28,597",12.70%,"10,435",12.40%,"4,142",11.30%,"3,128",3.70%,"4,074",9.10%,"3,253",6.30%
    Families,"25,936","25,936","25,007","25,007","13,715","13,715","15,467","15,467","95,656","95,656","35,871","35,871","53,630","53,630","25,372","25,372","298,268","298,268","56,249","56,249","19,645","19,645","40,951","40,951","305,724","305,724","25,214","25,214","40,889","40,889","200,635","200,635","19,323","19,323","17,298","17,298","59,299","59,299","47,172","47,172","74,430","74,430","107,737","107,737","59,535","59,535","16,000","16,000","48,692","48,692","25,875","25,875","130,809","130,809","21,489","21,489","39,423","39,423","32,998","32,998","18,603","18,603","19,559","19,559","97,240","97,240","134,363","134,363","51,625","51,625","23,917","23,917","62,246","62,246","29,618","29,618","30,318","30,318"
"Less than $10,000",918,3.50%,"1,411",5.60%,630,4.60%,406,2.60%,"3,561",3.70%,"1,800",5.00%,"1,508",2.80%,"1,325",5.20%,"12,636",4.20%,704,1.30%,658,3.30%,502,1.20%,"11,189",3.70%,105,0.40%,924,2.30%,"8,665",4.30%,479,2.50%,988,5.70%,649,1.10%,"1,281",2.70%,"4,170",5.60%,"7,367",6.80%,"3,119",5.20%,765,4.80%,715,1.50%,714,2.80%,"5,893",4.50%,605,2.80%,"1,007",2.60%,965,2.90%,753,4.00%,"2,042",10.40%,"3,382",3.50%,"4,923",3.70%,"2,135",4.10%,"1,041",4.40%,846,1.40%,568,1.90%,728,2.40%
"$10,000 to $14,999",709,2.70%,"1,264",5.10%,240,1.70%,446,2.90%,"1,453",1.50%,953,2.70%,616,1.10%,492,1.90%,"8,769",2.90%,407,0.70%,213,1.10%,551,1.30%,"6,532",2.10%,100,0.40%,701,1.70%,"3,843",1.90%,89,0.50%,258,1.50%,"1,168",2.00%,"1,188",2.50%,"1,956",2.60%,"2,496",2.30%,"2,916",4.90%,521,3.30%,511,1.00%,168,0.60%,"3,245",2.50%,"1,138",5.30%,986,2.50%,546,1.70%,536,2.90%,792,4.00%,"3,028",3.10%,"2,665",2.00%,"2,044",4.00%,165,0.70%,194,0.30%,436,1.50%,376,1.20%
"$15,000 to $24,999","1,266",4.90%,"2,625",10.50%,"1,008",7.30%,889,5.70%,"3,541",3.70%,"2,184",6.10%,"2,181",4.10%,"1,816",7.20%,"20,907",7.00%,"1,706",3.00%,731,3.70%,"1,518",3.70%,"18,569",6.10%,618,2.50%,"1,665",4.10%,"13,704",6.80%,571,3.00%,"1,565",9.00%,"2,554",4.30%,"2,176",4.60%,"3,946",5.30%,"10,046",9.30%,"4,365",7.30%,"1,007",6.30%,"1,280",2.60%,"1,497",5.80%,"9,729",7.40%,"1,623",7.60%,"2,299",5.80%,"3,183",9.60%,"1,519",8.20%,"1,686",8.60%,"5,725",5.90%,"7,662",5.70%,"3,463",6.70%,"1,449",6.10%,932,1.50%,"1,495",5.00%,"1,004",3.30%
"$25,000 to $34,999","1,939",7.50%,"2,259",9.00%,"1,608",11.70%,"1,841",11.90%,"5,935",6.20%,"3,591",10.00%,"2,613",4.90%,"1,854",7.30%,"24,411",8.20%,"1,297",2.30%,"1,503",7.70%,"3,025",7.40%,"20,025",6.60%,"1,585",6.30%,"2,897",7.10%,"13,633",6.80%,"1,106",5.70%,969,5.60%,"3,353",5.70%,"2,839",6.00%,"4,656",6.30%,"9,213",8.60%,"6,445",10.80%,"1,828",11.40%,"2,040",4.20%,"1,719",6.60%,"9,673",7.40%,"2,422",11.30%,"2,989",7.60%,"3,063",9.30%,"1,878",10.10%,"1,558",8.00%,"6,191",6.40%,"11,827",8.80%,"5,524",10.70%,"2,059",8.60%,"1,180",1.90%,"2,529",8.50%,"1,504",5.00%
"$35,000 to $49,999","3,354",12.90%,"2,942",11.80%,"1,815",13.20%,"2,853",18.40%,"8,979",9.40%,"5,143",14.30%,"5,894",11.00%,"2,618",10.30%,"34,036",11.40%,"2,548",4.50%,"2,415",12.30%,"4,354",10.60%,"30,052",9.80%,"2,238",8.90%,"4,433",10.80%,"17,199",8.60%,"2,900",15.00%,"3,107",18.00%,"6,869",11.60%,"5,062",10.70%,"7,726",10.40%,"12,358",11.50%,"6,995",11.70%,"2,027",12.70%,"4,902",10.10%,"2,673",10.30%,"14,986",11.50%,"2,583",12.00%,"5,002",12.70%,"4,463",13.50%,"1,722",9.30%,"2,426",12.40%,"13,692",14.10%,"15,889",11.80%,"8,193",15.90%,"3,823",16.00%,"5,797",9.30%,"3,342",11.30%,"3,650",12.00%
"$50,000 to $74,999","5,963",23.00%,"6,187",24.70%,"2,553",18.60%,"2,639",17.10%,"17,347",18.10%,"7,613",21.20%,"8,693",16.20%,"6,262",24.70%,"55,575",18.60%,"5,899",10.50%,"4,301",21.90%,"7,851",19.20%,"53,438",17.50%,"4,536",18.00%,"6,274",15.30%,"34,516",17.20%,"3,622",18.70%,"3,844",22.20%,"12,356",20.80%,"9,706",20.60%,"13,511",18.20%,"18,979",17.60%,"11,553",19.40%,"3,513",22.00%,"9,015",18.50%,"4,881",18.90%,"25,610",19.60%,"4,275",19.90%,"7,419",18.80%,"7,505",22.70%,"3,897",20.90%,"2,523",12.90%,"21,202",21.80%,"25,730",19.10%,"12,861",24.90%,"6,209",26.00%,"8,285",13.30%,"7,029",23.70%,"6,195",20.40%
"$75,000 to $99,999","5,652",21.80%,"3,335",13.30%,"1,883",13.70%,"1,894",12.20%,"16,376",17.10%,"5,303",14.80%,"7,954",14.80%,"4,975",19.60%,"41,697",14.00%,"6,464",11.50%,"3,757",19.10%,"5,881",14.40%,"43,927",14.40%,"3,662",14.50%,"5,879",14.40%,"26,337",13.10%,"2,973",15.40%,"2,159",12.50%,"10,155",17.10%,"7,372",15.60%,"12,600",16.90%,"15,079",14.00%,"9,459",15.90%,"2,565",16.00%,"6,682",13.70%,"4,825",18.60%,"21,547",16.50%,"3,165",14.70%,"6,735",17.10%,"6,688",20.30%,"3,428",18.40%,"3,862",19.70%,"15,501",15.90%,"17,882",13.30%,"6,326",12.30%,"4,310",18.00%,"9,453",15.20%,"5,490",18.50%,"4,881",16.10%
"$100,000 to $149,999","4,211",16.20%,"2,939",11.80%,"2,446",17.80%,"2,651",17.10%,"18,579",19.40%,"6,188",17.30%,"12,820",23.90%,"4,751",18.70%,"52,572",17.60%,"15,049",26.80%,"4,178",21.30%,"9,217",22.50%,"62,108",20.30%,"5,959",23.60%,"8,314",20.30%,"38,784",19.30%,"4,014",20.80%,"2,989",17.30%,"13,235",22.30%,"9,481",20.10%,"14,479",19.50%,"17,990",16.70%,"9,026",15.20%,"1,938",12.10%,"12,286",25.20%,"6,032",23.30%,"24,878",19.00%,"3,546",16.50%,"8,264",21.00%,"4,791",14.50%,"3,243",17.40%,"2,861",14.60%,"18,080",18.60%,"23,390",17.40%,"6,787",13.10%,"3,408",14.20%,"14,450",23.20%,"5,920",20.00%,"5,745",18.90%
"$150,000 to $199,999",920,3.50%,"1,177",4.70%,"1,029",7.50%,848,5.50%,"11,072",11.60%,"2,025",5.60%,"6,250",11.70%,755,3.00%,"21,935",7.40%,"8,775",15.60%,"1,152",5.90%,"4,025",9.80%,"30,734",10.10%,"3,021",12.00%,"5,254",12.80%,"19,498",9.70%,"2,066",10.70%,954,5.50%,"5,016",8.50%,"4,034",8.60%,"5,482",7.40%,"8,018",7.40%,"2,640",4.40%,690,4.30%,"5,776",11.90%,"1,998",7.70%,"7,766",5.90%,"1,379",6.40%,"2,657",6.70%,"1,027",3.10%,775,4.20%,"1,210",6.20%,"5,334",5.50%,"12,188",9.10%,"1,979",3.80%,765,3.20%,"8,987",14.40%,"1,313",4.40%,"3,526",11.60%
"$200,000 or more","1,004",3.90%,868,3.50%,503,3.70%,"1,000",6.50%,"8,813",9.20%,"1,071",3.00%,"5,101",9.50%,524,2.10%,"25,730",8.60%,"13,400",23.80%,737,3.80%,"4,027",9.80%,"29,150",9.50%,"3,390",13.40%,"4,548",11.10%,"24,456",12.20%,"1,503",7.80%,465,2.70%,"3,944",6.70%,"4,033",8.50%,"5,904",7.90%,"6,191",5.70%,"3,017",5.10%,"1,146",7.20%,"5,485",11.30%,"1,368",5.30%,"7,482",5.70%,753,3.50%,"2,065",5.20%,767,2.30%,852,4.60%,599,3.10%,"5,105",5.20%,"12,207",9.10%,"2,313",4.50%,688,2.90%,"12,122",19.50%,"1,496",5.10%,"2,709",8.90%
        Median family income (dollars),"69,534",(X),"58,802",(X),"66,601",(X),"60,823",(X),"85,417",(X),"62,358",(X),"91,940",(X),"67,973",(X),"70,517",(X),"129,811",(X),"75,004",(X),"85,139",(X),"82,042",(X),"97,233",(X),"89,205",(X),"82,274",(X),"80,560",(X),"59,820",(X),"81,149",(X),"79,737",(X),"77,160",(X),"65,250",(X),"61,545",(X),"61,916",(X),"95,589",(X),"81,582",(X),"71,636",(X),"65,352",(X),"75,019",(X),"63,585",(X),"68,173",(X),"60,373",(X),"68,688",(X),"73,428",(X),"56,455",(X),"64,420",(X),"109,570",(X),"72,339",(X),"82,348",(X)
        Mean family income (dollars),"78,995",(X),"79,112",(X),"81,685",(X),"81,062",(X),"105,466",(X),"77,919",(X),"109,553",(X),"74,151",(X),"97,757",(X),"155,762",(X),"99,356",(X),"105,886",(X),"105,363",(X),"123,757",(X),"111,300",(X),"113,104",(X),"105,935",(X),"73,883",(X),"95,945",(X),"99,688",(X),"94,989",(X),"86,071",(X),"76,517",(X),"93,247",(X),"116,506",(X),"91,242",(X),"88,460",(X),"78,549",(X),"89,844",(X),"78,385",(X),"82,067",(X),"71,290",(X),"85,219",(X),"103,046",(X),"76,406",(X),"76,058",(X),"145,342",(X),"85,597",(X),"102,900",(X)
    Per capita income (dollars),"27,215",(X),"27,416",(X),"23,375",(X),"27,609",(X),"33,489",(X),"27,212",(X),"36,683",(X),"25,968",(X),"33,833",(X),"48,673",(X),"33,393",(X),"34,030",(X),"35,977",(X),"39,592",(X),"36,089",(X),"38,052",(X),"36,635",(X),"25,958",(X),"33,777",(X),"34,173",(X),"31,580",(X),"29,871",(X),"28,098",(X),"29,028",(X),"38,974",(X),"32,130",(X),"31,084",(X),"25,844",(X),"29,177",(X),"26,583",(X),"26,935",(X),"23,299",(X),"30,101",(X),"35,608",(X),"27,650",(X),"27,251",(X),"45,265",(X),"27,480",(X),"33,596",(X)
    Nonfamily households,"14,524","14,524","14,483","14,483","8,944","8,944","10,184","10,184","44,485","44,485","18,535","18,535","26,411","26,411","15,188","15,188","251,203","251,203","17,041","17,041","10,663","10,663","18,080","18,080","216,659","216,659","10,225","10,225","25,265","25,265","146,600","146,600","13,167","13,167","10,217","10,217","37,668","37,668","19,432","19,432","45,869","45,869","74,368","74,368","40,522","40,522","9,013","9,013","21,758","21,758","15,398","15,398","94,022","94,022","11,853","11,853","21,595","21,595","16,814","16,814","9,762","9,762","9,760","9,760","57,040","57,040","90,266","90,266","32,534","32,534","12,871","12,871","22,214","22,214","14,971","14,971","21,035","21,035"
        Median nonfamily income (dollars),"34,339",(X),"28,314",(X),"19,550",(X),"34,081",(X),"37,880",(X),"27,513",(X),"41,407",(X),"31,675",(X),"34,356",(X),"42,353",(X),"36,228",(X),"36,749",(X),"44,628",(X),"35,836",(X),"40,866",(X),"38,431",(X),"33,357",(X),"30,085",(X),"42,281",(X),"32,982",(X),"33,248",(X),"30,195",(X),"28,259",(X),"32,158",(X),"43,892",(X),"35,687",(X),"34,222",(X),"29,844",(X),"34,708",(X),"29,735",(X),"28,669",(X),"28,479",(X),"31,545",(X),"34,409",(X),"28,960",(X),"31,303",(X),"53,109",(X),"30,674",(X),"35,551",(X)
        Mean nonfamily income (dollars),"42,337",(X),"35,668",(X),"28,712",(X),"42,945",(X),"48,178",(X),"37,695",(X),"55,119",(X),"41,489",(X),"46,757",(X),"62,753",(X),"43,928",(X),"49,422",(X),"60,105",(X),"54,895",(X),"52,540",(X),"54,706",(X),"51,171",(X),"36,324",(X),"49,391",(X),"56,138",(X),"46,371",(X),"44,288",(X),"40,052",(X),"38,764",(X),"52,352",(X),"58,973",(X),"46,942",(X),"38,413",(X),"43,749",(X),"38,200",(X),"44,253",(X),"34,773",(X),"44,949",(X),"49,200",(X),"40,456",(X),"45,998",(X),"58,282",(X),"40,481",(X),"50,089",(X)
    Median earnings for workers (dollars),"31,961",(X),"28,534",(X),"18,952",(X),"27,001",(X),"36,475",(X),"30,364",(X),"39,354",(X),"30,787",(X),"35,607",(X),"50,948",(X),"30,634",(X),"38,836",(X),"36,854",(X),"37,458",(X),"34,172",(X),"36,718",(X),"36,517",(X),"31,432",(X),"36,655",(X),"36,164",(X),"36,397",(X),"31,747",(X),"30,374",(X),"30,741",(X),"45,187",(X),"33,318",(X),"31,803",(X),"30,131",(X),"29,206",(X),"30,306",(X),"32,264",(X),"34,400",(X),"32,005",(X),"34,150",(X),"31,828",(X),"31,121",(X),"46,410",(X),"31,713",(X),"30,559",(X)
"    Median earnings for male full-time, year-round workers (dollars)","47,828",(X),"43,326",(X),"43,920",(X),"41,442",(X),"56,153",(X),"49,806",(X),"51,558",(X),"47,388",(X),"53,234",(X),"88,320",(X),"51,063",(X),"58,093",(X),"52,077",(X),"60,459",(X),"62,483",(X),"57,444",(X),"55,762",(X),"48,966",(X),"54,344",(X),"52,663",(X),"51,870",(X),"50,193",(X),"47,881",(X),"46,438",(X),"64,101",(X),"52,432",(X),"50,770",(X),"51,904",(X),"49,832",(X),"50,106",(X),"51,155",(X),"56,524",(X),"50,209",(X),"52,357",(X),"42,453",(X),"47,719",(X),"73,114",(X),"47,424",(X),"56,008",(X)
"    Median earnings for female full-time, year-round workers (dollars)","36,919",(X),"31,065",(X),"39,649",(X),"33,151",(X),"42,280",(X),"34,130",(X),"49,568",(X),"35,943",(X),"42,909",(X),"55,593",(X),"36,863",(X),"42,061",(X),"45,408",(X),"45,706",(X),"42,208",(X),"46,524",(X),"37,274",(X),"31,256",(X),"42,352",(X),"45,002",(X),"41,439",(X),"40,551",(X),"38,900",(X),"32,390",(X),"50,177",(X),"34,233",(X),"40,636",(X),"34,000",(X),"38,000",(X),"31,399",(X),"37,071",(X),"40,809",(X),"37,265",(X),"41,307",(X),"38,232",(X),"31,629",(X),"52,367",(X),"32,959",(X),"41,549",(X)
HEALTH INSURANCE COVERAGE,,,,,,,,,,,,,,,,,,,,,,,,,,,,,,,,,,,,,,,,,,,,,,,,,,,,,,,,,,,,,,,,,,,,,,,,,,,,,,
    Civilian noninstitutionalized population,"99,762","99,762","94,475","94,475","64,644","64,644","63,221","63,221","379,319","379,319","132,508","132,508","205,035","205,035","98,266","98,266","1,220,091","1,220,091","208,307","208,307","73,424","73,424","154,676","154,676","1,309,506","1,309,506","92,759","92,759","165,329","165,329","809,457","809,457","74,595","74,595","64,514","64,514","228,168","228,168","175,583","175,583","304,425","304,425","423,626","423,626","223,819","223,819","59,622","59,622","178,465","178,465","105,603","105,603","522,718","522,718","85,236","85,236","161,488","161,488","114,274","114,274","71,157","71,157","72,609","72,609","365,790","365,790","534,581","534,581","194,572","194,572","91,005","91,005","226,590","226,590","114,564","114,564","129,738","129,738"
        With health insurance coverage,"93,306",93.50%,"84,963",89.90%,"61,299",94.80%,"59,078",93.40%,"354,728",93.50%,"123,753",93.40%,"192,952",94.10%,"93,918",95.60%,"1,154,889",94.70%,"200,570",96.30%,"67,634",92.10%,"146,305",94.60%,"1,204,905",92.00%,"83,123",89.60%,"155,647",94.10%,"758,974",93.80%,"72,284",96.90%,"60,338",93.50%,"214,690",94.10%,"162,983",92.80%,"285,806",93.90%,"396,089",93.50%,"211,785",94.60%,"56,492",94.80%,"170,754",95.70%,"98,295",93.10%,"484,249",92.60%,"80,298",94.20%,"152,538",94.50%,"105,968",92.70%,"67,142",94.40%,"68,002",93.70%,"343,236",93.80%,"500,072",93.50%,"177,803",91.40%,"80,948",88.90%,"219,094",96.70%,"96,577",84.30%,"124,429",95.90%
            With private health insurance,"68,751",68.90%,"51,659",54.70%,"45,226",70.00%,"41,155",65.10%,"268,840",70.90%,"80,351",60.60%,"153,966",75.10%,"67,061",68.20%,"778,894",63.80%,"173,313",83.20%,"51,268",69.80%,"115,275",74.50%,"908,099",69.30%,"68,290",73.60%,"122,173",73.90%,"567,172",70.10%,"59,473",79.70%,"39,681",61.50%,"170,052",74.50%,"127,863",72.80%,"214,410",70.40%,"279,412",66.00%,"139,836",62.50%,"37,088",62.20%,"142,458",79.80%,"75,806",71.80%,"328,749",62.90%,"52,908",62.10%,"114,685",71.00%,"76,881",67.30%,"49,220",69.20%,"42,352",58.30%,"246,072",67.30%,"362,374",67.80%,"115,247",59.20%,"59,686",65.60%,"193,701",85.50%,"75,375",65.80%,"104,897",80.90%
            With public coverage,"40,327",40.40%,"45,828",48.50%,"21,907",33.90%,"25,840",40.90%,"128,992",34.00%,"63,746",48.10%,"65,212",31.80%,"41,967",42.70%,"522,898",42.90%,"46,498",22.30%,"28,905",39.40%,"50,053",32.40%,"410,323",31.30%,"27,081",29.20%,"56,024",33.90%,"274,438",33.90%,"24,885",33.40%,"28,816",44.70%,"80,973",35.50%,"60,500",34.50%,"114,508",37.60%,"176,284",41.60%,"103,297",46.20%,"27,706",46.50%,"49,618",27.80%,"36,881",34.90%,"220,899",42.30%,"37,979",44.60%,"59,372",36.80%,"49,238",43.10%,"29,847",41.90%,"35,068",48.30%,"146,225",40.00%,"207,081",38.70%,"90,403",46.50%,"34,441",37.80%,"48,628",21.50%,"37,130",32.40%,"36,588",28.20%
        No health insurance coverage,"6,456",6.50%,"9,512",10.10%,"3,345",5.20%,"4,143",6.60%,"24,591",6.50%,"8,755",6.60%,"12,083",5.90%,"4,348",4.40%,"65,202",5.30%,"7,737",3.70%,"5,790",7.90%,"8,371",5.40%,"104,601",8.00%,"9,636",10.40%,"9,682",5.90%,"50,483",6.20%,"2,311",3.10%,"4,176",6.50%,"13,478",5.90%,"12,600",7.20%,"18,619",6.10%,"27,537",6.50%,"12,034",5.40%,"3,130",5.20%,"7,711",4.30%,"7,308",6.90%,"38,469",7.40%,"4,938",5.80%,"8,950",5.50%,"8,306",7.30%,"4,015",5.60%,"4,607",6.30%,"22,554",6.20%,"34,509",6.50%,"16,769",8.60%,"10,057",11.10%,"7,496",3.30%,"17,987",15.70%,"5,309",4.10%
Civilian noninstitutionalized population under 19 years,"25,557","25,557","22,391","22,391","14,357","14,357","13,657","13,657","97,255","97,255","32,048","32,048","49,547","49,547","21,945","21,945","266,901","266,901","56,776","56,776","15,906","15,906","39,033","39,033","325,356","325,356","22,683","22,683","38,057","38,057","198,328","198,328","17,878","17,878","12,959","12,959","47,955","47,955","42,805","42,805","72,120","72,120","102,401","102,401","49,034","49,034","13,930","13,930","42,285","42,285","26,178","26,178","124,042","124,042","20,158","20,158","33,390","33,390","27,525","27,525","16,993","16,993","16,946","16,946","83,188","83,188","118,887","118,887","42,279","42,279","21,633","21,633","60,347","60,347","29,259","29,259","29,490","29,490"
        No health insurance coverage,"1,268",5.00%,"2,894",12.90%,334,2.30%,378,2.80%,"3,178",3.30%,"1,382",4.30%,"1,662",3.40%,237,1.10%,"7,679",2.90%,"2,299",4.00%,711,4.50%,"1,511",3.90%,"14,144",4.30%,"3,223",14.20%,819,2.20%,"8,830",4.50%,224,1.30%,471,3.60%,"2,086",4.30%,"2,198",5.10%,"2,837",3.90%,"4,174",4.10%,535,1.10%,246,1.80%,"1,943",4.60%,"1,239",4.70%,"7,608",6.10%,"1,374",6.80%,"1,024",3.10%,"1,762",6.40%,945,5.60%,316,1.90%,"3,601",4.30%,"2,380",2.00%,"3,112",7.40%,"3,056",14.10%,"1,255",2.10%,"7,095",24.20%,415,1.40%
Civilian noninstitutionalized population 19 to 64 years,"56,638","56,638","53,842","53,842","41,673","41,673","36,306","36,306","226,697","226,697","75,306","75,306","121,625","121,625","55,606","55,606","732,250","732,250","122,334","122,334","41,927","41,927","91,021","91,021","825,370","825,370","51,165","51,165","98,376","98,376","487,419","487,419","43,862","43,862","37,475","37,475","134,157","134,157","104,144","104,144","174,275","174,275","252,521","252,521","128,234","128,234","34,591","34,591","103,881","103,881","59,091","59,091","305,033","305,033","49,541","49,541","100,709","100,709","64,412","64,412","41,665","41,665","42,599","42,599","212,384","212,384","318,229","318,229","110,198","110,198","51,413","51,413","132,590","132,590","64,754","64,754","80,636","80,636"
        In labor force:,"44,364","44,364","41,249","41,249","27,683","27,683","27,631","27,631","175,998","175,998","57,804","57,804","98,411","98,411","42,506","42,506","579,144","579,144","101,045","101,045","33,289","33,289","76,264","76,264","684,495","684,495","41,083","41,083","77,466","77,466","396,132","396,132","35,264","35,264","25,895","25,895","111,303","111,303","83,093","83,093","135,971","135,971","194,498","194,498","100,917","100,917","26,723","26,723","85,348","85,348","46,824","46,824","238,924","238,924","35,793","35,793","79,533","79,533","51,122","51,122","31,365","31,365","28,103","28,103","165,439","165,439","257,276","257,276","79,880","79,880","40,665","40,665","111,188","111,188","50,477","50,477","66,168","66,168"
            Employed:,"42,476","42,476","39,351","39,351","26,077","26,077","26,556","26,556","168,876","168,876","54,804","54,804","95,409","95,409","40,050","40,050","541,470","541,470","97,406","97,406","32,225","32,225","74,612","74,612","658,324","658,324","40,263","40,263","73,794","73,794","377,697","377,697","34,456","34,456","24,871","24,871","106,309","106,309","80,844","80,844","131,481","131,481","181,371","181,371","95,049","95,049","25,273","25,273","83,185","83,185","44,453","44,453","227,293","227,293","33,719","33,719","76,091","76,091","49,582","49,582","29,272","29,272","25,982","25,982","159,448","159,448","243,748","243,748","76,885","76,885","38,506","38,506","108,558","108,558","49,339","49,339","64,920","64,920"
                With health insurance coverage,"38,404",90.40%,"33,965",86.30%,"24,275",93.10%,"24,069",90.60%,"154,120",91.30%,"49,637",90.60%,"88,049",92.30%,"37,391",93.40%,"504,814",93.20%,"94,143",96.70%,"27,527",85.40%,"69,728",93.50%,"595,590",90.50%,"35,298",87.70%,"68,421",92.70%,"349,371",92.50%,"32,975",95.70%,"23,077",92.80%,"99,807",93.90%,"72,656",89.90%,"120,718",91.80%,"166,538",91.80%,"86,643",91.20%,"23,222",91.90%,"79,503",95.60%,"41,021",92.30%,"206,681",90.90%,"31,160",92.40%,"70,152",92.20%,"45,042",90.80%,"27,144",92.70%,"24,303",93.50%,"146,968",92.20%,"221,513",90.90%,"68,289",88.80%,"33,665",87.40%,"104,000",95.80%,"42,547",86.20%,"61,463",94.70%
                    With private health insurance,"33,921",79.90%,"28,168",71.60%,"21,945",84.20%,"21,542",81.10%,"139,649",82.70%,"41,595",75.90%,"82,116",86.10%,"33,537",83.70%,"436,980",80.70%,"90,594",93.00%,"25,281",78.50%,"63,932",85.70%,"535,872",81.40%,"33,314",82.70%,"63,014",85.40%,"316,619",83.80%,"31,402",91.10%,"20,861",83.90%,"91,188",85.80%,"66,334",82.10%,"110,184",83.80%,"146,032",80.50%,"73,052",76.90%,"19,790",78.30%,"75,828",91.20%,"37,028",83.30%,"178,423",78.50%,"26,412",78.30%,"63,458",83.40%,"39,888",80.40%,"24,032",82.10%,"21,218",81.70%,"131,508",82.50%,"197,154",80.90%,"58,792",76.50%,"30,395",78.90%,"100,664",92.70%,"39,452",80.00%,"57,302",88.30%
                    With public coverage,"5,861",13.80%,"6,778",17.20%,"2,786",10.70%,"3,010",11.30%,"19,259",11.40%,"10,066",18.40%,"7,599",8.00%,"5,058",12.60%,"80,170",14.80%,"5,000",5.10%,"3,080",9.60%,"7,999",10.70%,"70,780",10.80%,"2,225",5.50%,"7,869",10.70%,"39,396",10.40%,"2,559",7.40%,"2,717",10.90%,"11,343",10.70%,"9,481",11.70%,"13,886",10.60%,"26,553",14.60%,"16,177",17.00%,"4,345",17.20%,"5,793",7.00%,"4,788",10.80%,"34,705",15.30%,"5,177",15.40%,"8,990",11.80%,"6,839",13.80%,"4,760",16.30%,"4,315",16.60%,"19,887",12.50%,"29,458",12.10%,"10,843",14.10%,"4,053",10.50%,"4,742",4.40%,"4,689",9.50%,"5,733",8.80%
                No health insurance coverage,"4,072",9.60%,"5,386",13.70%,"1,802",6.90%,"2,487",9.40%,"14,756",8.70%,"5,167",9.40%,"7,360",7.70%,"2,659",6.60%,"36,656",6.80%,"3,263",3.30%,"4,698",14.60%,"4,884",6.50%,"62,734",9.50%,"4,965",12.30%,"5,373",7.30%,"28,326",7.50%,"1,481",4.30%,"1,794",7.20%,"6,502",6.10%,"8,188",10.10%,"10,763",8.20%,"14,833",8.20%,"8,406",8.80%,"2,051",8.10%,"3,682",4.40%,"3,432",7.70%,"20,612",9.10%,"2,559",7.60%,"5,939",7.80%,"4,540",9.20%,"2,128",7.30%,"1,679",6.50%,"12,480",7.80%,"22,235",9.10%,"8,596",11.20%,"4,841",12.60%,"4,558",4.20%,"6,792",13.80%,"3,457",5.30%
            Unemployed:,"1,888","1,888","1,898","1,898","1,606","1,606","1,075","1,075","7,122","7,122","3,000","3,000","3,002","3,002","2,456","2,456","37,674","37,674","3,639","3,639","1,064","1,064","1,652","1,652","26,171","26,171",820,820,"3,672","3,672","18,435","18,435",808,808,"1,024","1,024","4,994","4,994","2,249","2,249","4,490","4,490","13,127","13,127","5,868","5,868","1,450","1,450","2,163","2,163","2,371","2,371","11,631","11,631","2,074","2,074","3,442","3,442","1,540","1,540","2,093","2,093","2,121","2,121","5,991","5,991","13,528","13,528","2,995","2,995","2,159","2,159","2,630","2,630","1,138","1,138","1,248","1,248"
                With health insurance coverage,"1,589",84.20%,"1,582",83.40%,"1,314",81.80%,864,80.40%,"5,339",75.00%,"2,514",83.80%,"2,642",88.00%,"2,236",91.00%,"30,590",81.20%,"3,124",85.80%,979,92.00%,"1,264",76.50%,"19,692",75.20%,801,97.70%,"2,461",67.00%,"14,900",80.80%,700,86.60%,770,75.20%,"2,973",59.50%,"1,836",81.60%,"3,593",80.00%,"9,454",72.00%,"5,252",89.50%,"1,412",97.40%,"1,219",56.40%,"1,524",64.30%,"9,788",84.20%,"1,762",85.00%,"3,111",90.40%,"1,149",74.60%,"1,970",94.10%,"1,483",69.90%,"3,772",63.00%,"10,522",77.80%,"2,046",68.30%,"1,828",84.70%,"2,147",81.60%,789,69.30%,"1,126",90.20%
                    With private health insurance,816,43.20%,514,27.10%,762,47.40%,431,40.10%,"1,950",27.40%,"1,060",35.30%,"1,894",63.10%,"1,216",49.50%,"11,042",29.30%,"1,906",52.40%,381,35.80%,601,36.40%,"10,777",41.20%,442,53.90%,"1,048",28.50%,"5,902",32.00%,364,45.00%,456,44.50%,"2,118",42.40%,"1,121",49.80%,"1,915",42.70%,"4,578",34.90%,"1,851",31.50%,577,39.80%,684,31.60%,571,24.10%,"4,002",34.40%,935,45.10%,"2,160",62.80%,666,43.20%,"1,175",56.10%,347,16.40%,"1,331",22.20%,"4,477",33.10%,795,26.50%,"1,047",48.50%,"1,791",68.10%,154,13.50%,676,54.20%
                    With public coverage,773,40.90%,"1,068",56.30%,552,34.40%,433,40.30%,"3,389",47.60%,"1,746",58.20%,811,27.00%,"1,357",55.30%,"21,132",56.10%,"1,218",33.50%,641,60.20%,826,50.00%,"9,387",35.90%,359,43.80%,"1,526",41.60%,"9,217",50.00%,336,41.60%,314,30.70%,979,19.60%,"1,087",48.30%,"1,860",41.40%,"5,717",43.60%,"3,401",58.00%,835,57.60%,535,24.70%,953,40.20%,"6,103",52.50%,827,39.90%,"1,039",30.20%,694,45.10%,795,38.00%,"1,136",53.60%,"2,441",40.70%,"6,337",46.80%,"1,310",43.70%,781,36.20%,356,13.50%,721,63.40%,533,42.70%
                No health insurance coverage,299,15.80%,316,16.60%,292,18.20%,211,19.60%,"1,783",25.00%,486,16.20%,360,12.00%,220,9.00%,"7,084",18.80%,515,14.20%,85,8.00%,388,23.50%,"6,479",24.80%,19,2.30%,"1,211",33.00%,"3,535",19.20%,108,13.40%,254,24.80%,"2,021",40.50%,413,18.40%,897,20.00%,"3,673",28.00%,616,10.50%,38,2.60%,944,43.60%,847,35.70%,"1,843",15.80%,312,15.00%,331,9.60%,391,25.40%,123,5.90%,638,30.10%,"2,219",37.00%,"3,006",22.20%,949,31.70%,331,15.30%,483,18.40%,349,30.70%,122,9.80%
        Not in labor force:,"12,274","12,274","12,593","12,593","13,990","13,990","8,675","8,675","50,699","50,699","17,502","17,502","23,214","23,214","13,100","13,100","153,106","153,106","21,289","21,289","8,638","8,638","14,757","14,757","140,875","140,875","10,082","10,082","20,910","20,910","91,287","91,287","8,598","8,598","11,580","11,580","22,854","22,854","21,051","21,051","38,304","38,304","58,023","58,023","27,317","27,317","7,868","7,868","18,533","18,533","12,267","12,267","66,109","66,109","13,748","13,748","21,176","21,176","13,290","13,290","10,300","10,300","14,496","14,496","46,945","46,945","60,953","60,953","30,318","30,318","10,748","10,748","21,402","21,402","14,277","14,277","14,468","14,468"
            With health insurance coverage,"11,457",93.30%,"11,677",92.70%,"13,206",94.40%,"7,608",87.70%,"46,025",90.80%,"15,782",90.20%,"20,513",88.40%,"12,070",92.10%,"139,632",91.20%,"19,986",93.90%,"8,342",96.60%,"13,442",91.10%,"121,603",86.30%,"8,698",86.30%,"18,686",89.40%,"81,963",89.80%,"8,201",95.40%,"9,956",86.00%,"20,113",88.00%,"19,250",91.40%,"34,299",89.50%,"53,230",91.70%,"25,157",92.10%,"7,098",90.20%,"17,391",93.80%,"11,045",90.00%,"57,982",87.70%,"13,055",95.00%,"19,812",93.60%,"11,693",88.00%,"9,481",92.00%,"12,522",86.40%,"42,740",91.00%,"54,415",89.30%,"26,345",86.90%,"8,999",83.70%,"20,339",95.00%,"11,249",78.80%,"13,318",92.10%
                With private health insurance,"6,383",52.00%,"4,340",34.50%,"8,670",62.00%,"3,992",46.00%,"29,581",58.30%,"6,729",38.40%,"13,945",60.10%,"6,208",47.40%,"64,072",41.80%,"15,240",71.60%,"4,664",54.00%,"7,939",53.80%,"68,108",48.30%,"7,109",70.50%,"13,511",64.60%,"46,272",50.70%,"4,730",55.00%,"4,854",41.90%,"11,468",50.20%,"11,662",55.40%,"17,787",46.40%,"23,263",40.10%,"11,716",42.90%,"2,886",36.70%,"13,453",72.60%,"7,397",60.30%,"26,328",39.80%,"4,674",34.00%,"11,858",56.00%,"5,777",43.50%,"4,692",45.60%,"5,101",35.20%,"21,691",46.20%,"29,277",48.00%,"10,766",35.50%,"4,967",46.20%,"16,248",75.90%,"6,940",48.60%,"9,019",62.30%
                With public coverage,"6,113",49.80%,"8,031",63.80%,"4,896",35.00%,"4,191",48.30%,"19,538",38.50%,"10,274",58.70%,"9,887",42.60%,"6,956",53.10%,"83,659",54.60%,"5,436",25.50%,"4,099",47.50%,"6,616",44.80%,"59,779",42.40%,"2,049",20.30%,"6,373",30.50%,"39,790",43.60%,"4,172",48.50%,"5,561",48.00%,"10,319",45.20%,"9,192",43.70%,"19,087",49.80%,"33,797",58.20%,"15,005",54.90%,"5,070",64.40%,"4,824",26.00%,"4,267",34.80%,"34,448",52.10%,"9,233",67.20%,"8,429",39.80%,"6,933",52.20%,"6,150",59.70%,"8,605",59.40%,"23,328",49.70%,"29,382",48.20%,"16,736",55.20%,"5,143",47.90%,"5,278",24.70%,"5,177",36.30%,"5,177",35.80%
            No health insurance coverage,817,6.70%,916,7.30%,784,5.60%,"1,067",12.30%,"4,674",9.20%,"1,720",9.80%,"2,701",11.60%,"1,030",7.90%,"13,474",8.80%,"1,303",6.10%,296,3.40%,"1,315",8.90%,"19,272",13.70%,"1,384",13.70%,"2,224",10.60%,"9,324",10.20%,397,4.60%,"1,624",14.00%,"2,741",12.00%,"1,801",8.60%,"4,005",10.50%,"4,793",8.30%,"2,160",7.90%,770,9.80%,"1,142",6.20%,"1,222",10.00%,"8,127",12.30%,693,5.00%,"1,364",6.40%,"1,597",12.00%,819,8.00%,"1,974",13.60%,"4,205",9.00%,"6,538",10.70%,"3,973",13.10%,"1,749",16.30%,"1,063",5.00%,"3,028",21.20%,"1,150",7.90%
PERCENTAGE OF FAMILIES AND PEOPLE WHOSE INCOME IN THE PAST 12 MONTHS IS BELOW THE POVERTY LEVEL,,,,,,,,,,,,,,,,,,,,,,,,,,,,,,,,,,,,,,,,,,,,,,,,,,,,,,,,,,,,,,,,,,,,,,,,,,,,,,
    All families,(X),0.094,(X),0.197,(X),0.12,(X),0.066,(X),0.077,(X),0.115,(X),0.056,(X),0.087,(X),0.111,(X),0.04,(X),0.072,(X),0.049,(X),0.1,(X),0.012,(X),0.07,(X),0.101,(X),0.048,(X),0.104,(X),0.053,(X),0.072,(X),0.109,(X),0.131,(X),0.145,(X),0.094,(X),0.029,(X),0.052,(X),0.112,(X),0.121,(X),0.078,(X),0.089,(X),0.104,(X),0.192,(X),0.095,(X),0.1,(X),0.115,(X),0.078,(X),0.024,(X),0.048,(X),0.05
With related children of the householder under 18 years,(X),16.80%,(X),31.90%,(X),21.20%,(X),9.40%,(X),11.70%,(X),16.60%,(X),10.60%,(X),13.00%,(X),19.20%,(X),5.70%,(X),16.30%,(X),8.70%,(X),15.60%,(X),2.00%,(X),13.60%,(X),17.70%,(X),7.50%,(X),19.10%,(X),10.40%,(X),11.20%,(X),19.50%,(X),25.10%,(X),23.80%,(X),14.40%,(X),6.10%,(X),8.50%,(X),19.60%,(X),22.40%,(X),10.90%,(X),17.70%,(X),17.80%,(X),30.80%,(X),16.10%,(X),18.60%,(X),21.30%,(X),14.40%,(X),3.40%,(X),8.20%,(X),8.70%
With related children of the householder under 5 years only,(X),4.10%,(X),34.00%,(X),18.70%,(X),15.00%,(X),7.40%,(X),23.90%,(X),13.80%,(X),14.00%,(X),16.60%,(X),4.40%,(X),26.50%,(X),7.20%,(X),11.90%,(X),0.00%,(X),15.80%,(X),21.60%,(X),0.70%,(X),31.40%,(X),9.50%,(X),11.40%,(X),21.50%,(X),28.10%,(X),31.90%,(X),26.70%,(X),14.70%,(X),10.70%,(X),25.20%,(X),19.10%,(X),5.40%,(X),21.10%,(X),17.50%,(X),60.90%,(X),15.90%,(X),19.90%,(X),15.10%,(X),36.50%,(X),1.40%,(X),0.60%,(X),12.50%
        Married couple families,(X),3.10%,(X),7.50%,(X),9.70%,(X),4.10%,(X),2.60%,(X),5.30%,(X),2.00%,(X),4.10%,(X),4.80%,(X),1.90%,(X),1.70%,(X),0.90%,(X),3.40%,(X),0.40%,(X),2.50%,(X),2.30%,(X),2.30%,(X),5.30%,(X),3.00%,(X),3.60%,(X),3.00%,(X),4.30%,(X),5.60%,(X),7.00%,(X),0.90%,(X),2.70%,(X),3.50%,(X),4.30%,(X),2.30%,(X),2.60%,(X),3.70%,(X),9.30%,(X),3.00%,(X),3.70%,(X),5.00%,(X),3.50%,(X),0.70%,(X),2.50%,(X),1.50%
With related children of the householder under 18 years,(X),5.00%,(X),10.00%,(X),17.80%,(X),3.90%,(X),3.00%,(X),7.30%,(X),2.90%,(X),3.60%,(X),7.10%,(X),2.10%,(X),5.60%,(X),1.70%,(X),5.20%,(X),0.80%,(X),3.40%,(X),3.50%,(X),5.00%,(X),8.40%,(X),4.50%,(X),4.50%,(X),3.20%,(X),7.70%,(X),6.90%,(X),12.70%,(X),1.90%,(X),2.10%,(X),4.60%,(X),8.70%,(X),1.50%,(X),4.50%,(X),5.30%,(X),15.00%,(X),2.20%,(X),6.80%,(X),9.60%,(X),3.90%,(X),0.50%,(X),3.40%,(X),1.60%
With related children of the householder under 5 years only,(X),6.10%,(X),0.00%,(X),16.70%,(X),6.10%,(X),1.30%,(X),7.20%,(X),2.50%,(X),0.00%,(X),4.90%,(X),4.30%,(X),16.80%,(X),0.00%,(X),2.40%,(X),0.00%,(X),2.00%,(X),3.60%,(X),1.00%,(X),32.70%,(X),0.00%,(X),0.00%,(X),0.00%,(X),4.50%,(X),11.60%,(X),31.80%,(X),0.00%,(X),0.00%,(X),2.60%,(X),10.60%,(X),1.30%,(X),1.00%,(X),2.00%,(X),50.40%,(X),4.50%,(X),5.80%,(X),14.00%,(X),0.00%,(X),0.00%,(X),0.00%,(X),0.00%
"        Families with female householder, no spouse present",(X),28.30%,(X),46.60%,(X),19.20%,(X),17.50%,(X),32.50%,(X),29.00%,(X),24.00%,(X),29.60%,(X),24.80%,(X),20.90%,(X),23.80%,(X),25.90%,(X),28.20%,(X),6.20%,(X),25.40%,(X),30.20%,(X),21.30%,(X),28.50%,(X),14.90%,(X),23.40%,(X),34.60%,(X),34.10%,(X),37.10%,(X),20.70%,(X),12.20%,(X),22.70%,(X),29.20%,(X),41.50%,(X),23.50%,(X),33.30%,(X),21.30%,(X),43.20%,(X),30.70%,(X),31.80%,(X),29.00%,(X),37.20%,(X),13.90%,(X),18.30%,(X),19.40%
With related children of the householder under 18 years,(X),32.90%,(X),56.60%,(X),27.00%,(X),22.90%,(X),39.80%,(X),34.10%,(X),37.00%,(X),40.30%,(X),35.10%,(X),30.90%,(X),32.40%,(X),35.20%,(X),36.40%,(X),2.60%,(X),37.00%,(X),39.80%,(X),16.50%,(X),34.70%,(X),26.30%,(X),30.30%,(X),49.20%,(X),47.60%,(X),44.20%,(X),19.50%,(X),14.90%,(X),40.10%,(X),39.00%,(X),63.60%,(X),26.50%,(X),60.50%,(X),29.20%,(X),54.90%,(X),42.60%,(X),41.50%,(X),44.10%,(X),56.90%,(X),22.20%,(X),27.80%,(X),26.80%
With related children of the householder under 5 years only,(X),0.00%,(X),60.80%,(X),50.30%,(X),20.40%,(X),31.30%,(X),48.40%,(X),92.80%,(X),62.50%,(X),40.80%,(X),13.80%,(X),56.50%,(X),33.80%,(X),33.60%,(X),-,(X),39.00%,(X),63.80%,(X),0.00%,(X),39.10%,(X),33.00%,(X),39.50%,(X),71.80%,(X),50.30%,(X),70.60%,(X),56.90%,(X),55.90%,(X),41.70%,(X),58.70%,(X),36.80%,(X),15.70%,(X),79.50%,(X),5.70%,(X),100.00%,(X),30.30%,(X),46.90%,(X),17.10%,(X),90.30%,(X),36.80%,(X),3.30%,(X),47.90%
    All people,(X),12.00%,(X),21.60%,(X),27.40%,(X),10.20%,(X),12.00%,(X),14.60%,(X),7.90%,(X),12.40%,(X),16.10%,(X),6.10%,(X),11.90%,(X),8.10%,(X),13.40%,(X),4.90%,(X),10.30%,(X),14.50%,(X),10.00%,(X),17.20%,(X),8.60%,(X),9.30%,(X),14.30%,(X),18.20%,(X),18.40%,(X),14.80%,(X),4.90%,(X),9.40%,(X),15.50%,(X),15.90%,(X),12.50%,(X),13.10%,(X),15.20%,(X),23.10%,(X),13.20%,(X),14.30%,(X),15.70%,(X),11.70%,(X),4.00%,(X),9.80%,(X),11.70%
Under 18 years,(X),19.70%,(X),32.40%,(X),29.20%,(X),10.70%,(X),14.70%,(X),20.10%,(X),12.20%,(X),14.80%,(X),23.30%,(X),7.80%,(X),22.20%,(X),13.20%,(X),18.40%,(X),2.40%,(X),15.80%,(X),20.80%,(X),10.40%,(X),28.70%,(X),11.70%,(X),11.70%,(X),21.20%,(X),26.80%,(X),27.80%,(X),19.40%,(X),6.50%,(X),11.60%,(X),23.10%,(X),23.60%,(X),14.20%,(X),19.80%,(X),17.00%,(X),32.80%,(X),19.40%,(X),22.20%,(X),25.60%,(X),18.90%,(X),3.60%,(X),13.60%,(X),11.20%
Related children of the householder under 18 years,(X),19.10%,(X),32.40%,(X),29.20%,(X),10.20%,(X),14.40%,(X),19.40%,(X),12.20%,(X),14.40%,(X),23.30%,(X),6.80%,(X),22.00%,(X),11.00%,(X),18.20%,(X),2.40%,(X),15.70%,(X),20.40%,(X),8.10%,(X),28.60%,(X),11.10%,(X),10.70%,(X),21.20%,(X),26.40%,(X),27.60%,(X),18.80%,(X),6.40%,(X),11.60%,(X),22.80%,(X),22.20%,(X),13.60%,(X),19.20%,(X),16.80%,(X),32.70%,(X),18.90%,(X),21.80%,(X),25.50%,(X),18.50%,(X),3.10%,(X),13.50%,(X),9.90%
Related children of the householder under 5 years,(X),21.40%,(X),53.60%,(X),38.60%,(X),19.40%,(X),16.20%,(X),27.10%,(X),13.30%,(X),19.90%,(X),25.30%,(X),7.80%,(X),28.60%,(X),6.70%,(X),19.80%,(X),3.30%,(X),16.40%,(X),24.80%,(X),0.80%,(X),38.30%,(X),13.50%,(X),12.90%,(X),24.60%,(X),29.60%,(X),37.40%,(X),23.00%,(X),13.20%,(X),17.30%,(X),28.10%,(X),24.00%,(X),12.90%,(X),17.90%,(X),6.60%,(X),47.90%,(X),25.60%,(X),24.60%,(X),26.80%,(X),29.60%,(X),1.70%,(X),7.90%,(X),11.50%
Related children of the householder 5 to 17 years,(X),18.30%,(X),25.20%,(X),25.30%,(X),7.30%,(X),13.70%,(X),16.70%,(X),11.80%,(X),12.40%,(X),22.50%,(X),6.50%,(X),19.40%,(X),12.50%,(X),17.50%,(X),2.10%,(X),15.40%,(X),18.70%,(X),10.70%,(X),25.00%,(X),10.30%,(X),9.90%,(X),20.00%,(X),25.10%,(X),24.10%,(X),17.20%,(X),4.00%,(X),9.50%,(X),20.70%,(X),21.70%,(X),13.70%,(X),19.60%,(X),20.50%,(X),26.60%,(X),16.60%,(X),20.80%,(X),25.00%,(X),14.30%,(X),3.50%,(X),15.40%,(X),9.30%
18 years and over,(X),9.70%,(X),18.50%,(X),27.10%,(X),10.00%,(X),11.20%,(X),13.00%,(X),6.70%,(X),11.80%,(X),14.20%,(X),5.50%,(X),9.20%,(X),6.50%,(X),11.90%,(X),5.60%,(X),8.80%,(X),12.60%,(X),9.90%,(X),14.50%,(X),7.80%,(X),8.50%,(X),12.40%,(X),15.60%,(X),16.00%,(X),13.50%,(X),4.50%,(X),8.70%,(X),13.30%,(X),13.90%,(X),12.10%,(X),11.10%,(X),14.70%,(X),20.30%,(X),11.50%,(X),12.30%,(X),13.10%,(X),9.60%,(X),4.10%,(X),8.50%,(X),11.90%
18 to 64 years,(X),10.60%,(X),20.10%,(X),32.30%,(X),10.10%,(X),12.10%,(X),14.40%,(X),6.30%,(X),12.70%,(X),15.00%,(X),5.70%,(X),10.90%,(X),6.70%,(X),12.40%,(X),6.10%,(X),10.10%,(X),13.70%,(X),11.50%,(X),17.60%,(X),8.50%,(X),8.50%,(X),13.50%,(X),17.40%,(X),18.60%,(X),15.80%,(X),4.50%,(X),9.20%,(X),14.90%,(X),16.60%,(X),13.30%,(X),12.50%,(X),15.40%,(X),21.60%,(X),12.60%,(X),13.50%,(X),14.80%,(X),9.40%,(X),4.10%,(X),8.00%,(X),13.70%
65 years and over,(X),6.60%,(X),13.40%,(X),4.40%,(X),9.90%,(X),7.30%,(X),8.70%,(X),7.90%,(X),9.30%,(X),11.40%,(X),4.50%,(X),4.50%,(X),5.70%,(X),9.20%,(X),4.20%,(X),4.50%,(X),8.40%,(X),4.40%,(X),6.30%,(X),5.90%,(X),8.70%,(X),8.80%,(X),9.10%,(X),9.00%,(X),6.60%,(X),4.50%,(X),7.20%,(X),8.10%,(X),5.20%,(X),7.60%,(X),7.10%,(X),12.30%,(X),16.30%,(X),8.10%,(X),8.20%,(X),8.80%,(X),10.00%,(X),4.10%,(X),9.90%,(X),4.50%
        People in families,(X),9.70%,(X),20.00%,(X),16.30%,(X),6.30%,(X),8.40%,(X),11.90%,(X),6.00%,(X),8.90%,(X),13.00%,(X),4.60%,(X),9.40%,(X),5.30%,(X),10.90%,(X),1.30%,(X),7.50%,(X),11.00%,(X),5.10%,(X),13.40%,(X),5.80%,(X),6.80%,(X),11.50%,(X),14.40%,(X),16.30%,(X),11.40%,(X),3.20%,(X),6.30%,(X),12.60%,(X),12.50%,(X),8.50%,(X),9.90%,(X),11.30%,(X),19.70%,(X),10.20%,(X),11.40%,(X),13.00%,(X),9.00%,(X),2.20%,(X),6.80%,(X),5.40%
Unrelated individuals 15 years and over,(X),20.80%,(X),26.80%,(X),53.10%,(X),23.90%,(X),28.40%,(X),25.40%,(X),17.30%,(X),25.40%,(X),24.80%,(X),16.80%,(X),21.90%,(X),21.20%,(X),21.10%,(X),25.60%,(X),19.80%,(X),24.90%,(X),25.20%,(X),30.50%,(X),18.40%,(X),22.10%,(X),24.40%,(X),29.70%,(X),25.20%,(X),27.30%,(X),14.10%,(X),21.80%,(X),24.30%,(X),28.60%,(X),27.10%,(X),26.60%,(X),32.20%,(X),37.10%,(X),24.00%,(X),24.00%,(X),25.70%,(X),22.30%,(X),15.50%,(X),23.20%,(X),29.60%
